plot_name,accession_name,parents_num,plot_number,row_number,col_number,is_a_control,rep_number,Germination,Vigor,CMD_M1,CMD_M3,CMD_M6,CMD_M9,CWBD_M9,CBB_M9,Red_Spider_Mites,No_Main_Stem,Shooting,Branching_Levels,Height_Of_Main_Stem,Height_To_1st_Branch,Plant_Type,Root_Type,Peduncle,External_Color,Number_Of_Harvested_Plant,Number_Of_Roots,Root_Weight,Root_Constriction,Starch_Content,Number_Of_Stems_Collected
2022DMF1C_tani_rep1_VH21-1129_1,VH21-1129,CR24-12,1,1,1,NA,1,1,4,1,1,1,0.75,1.75,1,0.75,1.75,1,0.75,215,87,2.25,2,2,2,3,27,10,2,22.2,4
2022DMF1C_tani_rep1_VH21-0448_2,VH21-0448,AR9-18,2,2,1,NA,1,0.5,5,1,2,1.5,1,4,1,1,2,0.5,3,224,110,4,3,1,3,2,18,11,1,14.7,0
2022DMF1C_tani_rep1_VF21-0069_3,VF21-0069,HLS14_AR9-18,3,3,1,NA,1,1,5,1,1,1,1,1,1,1,1.25,0.25,4,260,87,5,5,3,3,4,30,10,1,16.5,0
2022DMF1C_tani_rep1_VH21-0025_4,VH21-0025,RAYONG72,4,4,1,NA,1,1,2.75,2.25,4.25,4,2,2,1.5,0.5,1,1.5,0,290,290,1.5,4,3,1,3,10,2,1,NA,0
2022DMF1C_tani_rep1_VH21-0113_5,VH21-0113,IBA972205,5,5,1,NA,1,1,5,1,1,1,1,1,1,1,1.5,1,2.25,332,255,3,5,2,3,4,16,4,2,NA,8
2022DMF1C_tani_rep1_VH21-0436_6,VH21-0436,CR27-20,6,6,1,NA,1,1,4.25,1,1,1,1,1,1,1,2.25,0,2.25,230,123,4,4,3,2,4,17,4.8,2,NA,0
2022DMF1C_tani_rep1_VH21-0444_7,VH21-0444,AR9-18,7,7,1,NA,1,1,4.5,1,1,1,1,3,1,1,1.5,1.75,3,213,119,4,2,1,3,4,13,3,1,NA,0
2022DMF1C_tani_rep1_VH21-0708_8,VH21-0708,KU50,8,8,1,NA,1,1,5,1,1,1,1,1,1,4,2,0.75,0,244,244,1.5,3,1,2,4,14,3,2,NA,8
2022DMF1C_tani_rep1_TMEB419_9,TMEB419,NA,9,9,1,1,1,1,3.75,1,2,1,1,4,1,3,1.75,1,0,218,218,2,2,1,2,4,3,0.5,1,NA,6
2022DMF1C_tani_rep1_VH21-0109_10,VH21-0109,IBA972205,10,10,1,NA,1,0.25,3,2,4,3,1,1,1,2,1,4,3,188,134,5,2,1,2,1,6,2,1,NA,0
2022DMF1C_tani_rep1_VH21-0101_11,VH21-0101,IBA972205,11,11,1,NA,1,0.5,2.5,1,3,4,2,3,1,1,1.5,0,3,175,88,4,2,1,1,2,20,4.9,1,NA,0
2022DMF1C_tani_rep1_VF21-0059_12,VF21-0059,HLS14_AR9-18,12,12,1,NA,1,1,5,1,1,1,1,3,1,1,4,0,3,230,148,4,1,1,1,4,31,9.5,1,18.4,6
2022DMF1C_tani_rep1_VH21-0201_13,VH21-0201,IBA980505,13,13,1,NA,1,1,4,1,1,1,1,1,1,3,1.25,0.25,4,223,120,4,3,3,2,4,29,8.2,1,17,4
2022DMF1C_tani_rep1_VH21-0754_14,VH21-0754,KU50,14,14,1,NA,1,1,3.75,1,1,1,0.5,1.5,0.5,0.5,1,0,1.5,196,98,2,NA,NA,NA,NA,NA,NA,NA,NA,NA
2022DMF1C_tani_rep1_VH21-0204_15,VH21-0204,IBA980505,15,15,1,NA,1,1,3.5,1,1,1,1,4,1,1,2.25,1.5,0,172,172,2.5,NA,NA,NA,NA,NA,NA,NA,NA,NA
2022DMF1C_tani_rep1_VH21-0056_16,VH21-0056,IBA972205,16,16,1,NA,1,0.25,2,1,1,2,NA,NA,NA,NA,NA,NA,NA,NA,NA,NA,NA,NA,NA,NA,NA,NA,NA,NA,NA
2022DMF1C_tani_rep1_VH21-0110_17,VH21-0110,IBA972205,17,17,1,NA,1,1,4,2.75,4.25,3.25,1.75,3,0.75,0.75,2,1,2.25,220,100,2.75,NA,NA,NA,NA,NA,NA,NA,NA,NA
2022DMF1C_tani_rep1_KM505_18,KM505,NA,18,18,1,1,1,1,3.75,2,3.25,2,1.75,2.75,1,1,2.75,0,0,222,222,1,NA,NA,NA,NA,NA,NA,NA,NA,NA
2022DMF1C_tani_rep1_VH21-0501_19,VH21-0501,AR9-18,19,19,1,NA,1,1,4.25,1,1,1,1,1,1,1,1.5,0,3,287,159,3,3,2,3,4,12,4.2,2,NA,5
2022DMF1C_tani_rep1_VH21-0441_20,VH21-0441,CR27-20,20,20,1,NA,1,1,4,2,2.25,2.25,1,1,1,1.25,1.75,0,0,205,205,1.5,3,1,2,4,23,6,1,18.8,6
2022DMF1C_tani_rep1_VH21-0459_21,VH21-0459,AR9-18,21,21,1,NA,1,1,4,1,1,1,1,1.25,1,1,3,1,0.5,276,263,2.25,NA,3,2,4,0,0,NA,NA,NA
2022DMF1C_tani_rep1_VH21-0447_22,VH21-0447,AR9-18,22,22,1,NA,1,1,5,1,1,1,1,2,1,1,2,0,1.5,248,220,2,2,2,1,4,20,6.5,1,17.9,6
2022DMF1C_tani_rep1_VH21-0439_23,VH21-0439,CR27-20,23,1,2,NA,1,1,4.25,1,1,1,0.75,1.5,1,1,2,0,0,240,240,1,1,1,2,4,32,12.5,1,14.8,5
2022DMF1C_tani_rep1_KU50_24,KU50,NA,24,2,2,1,1,1,3.75,1.25,3.25,3,4,1.75,1,1,1.75,0,0,288,288,1.25,1,2,2,4,25,9,1,22.3,0
2022DMF1C_tani_rep1_VH21-0114_25,VH21-0114,IBA972205,25,3,2,NA,1,0,0,0,0,0,0,0,0,0,0,0,0,NA,NA,0,NA,NA,NA,NA,NA,NA,NA,NA,NA
2022DMF1C_tani_rep1_VH21-0172_26,VH21-0172,IBA980505,26,4,2,NA,1,0.75,5,1,1,1,1,1,1,1,2.333333333,0,0,215,215,1,1,2,1,3,30,9.5,1,14.2,5
2022DMF1C_tani_rep1_VH21-0451_27,VH21-0451,AR9-18,27,5,2,NA,1,1,4.75,1,1,1,1,2,1,1,2,0,3.25,268,98,5,3,3,3,4,15,4,2,NA,0
2022DMF1C_tani_rep1_VH21-0434_28,VH21-0434,CR27-20,28,6,2,NA,1,0,0,0,0,0,0,0,0,0,0,0,0,NA,NA,0,NA,NA,NA,NA,NA,NA,NA,NA,NA
2022DMF1C_tani_rep1_VF21-0144_29,VF21-0144,KM140_AR9-18,29,7,2,NA,1,1,4,1.5,3.75,3,4,4,1,1,2,0.5,1,229,176,3,3,2,2,4,4,1,1,NA,0
2022DMF1C_tani_rep1_VH21-0729_30,VH21-0729,KU50,30,8,2,NA,1,0,0,0,0,0,0,0,0,0,0,0,0,NA,NA,0,NA,NA,NA,NA,NA,NA,NA,NA,NA
2022DMF1C_tani_rep1_VF21-0002_31,VF21-0002,HLS13_CR24-3,31,9,2,NA,1,1,5,1,1,1,0.75,2.25,0.75,0.75,2.25,1,1.25,207,108,3,5,2,2,4,NA,NA,NA,NA,NA
2022DMF1C_tani_rep1_VF21-0086_32,VF21-0086,HLS14_AR9-18,32,10,2,NA,1,0,0,0,0,2,0,0,0,0,0,0,0,196,110,0,4,3,1,1,4,2,1,NA,0
2022DMF1C_tani_rep1_KU50_33,KU50,NA,33,11,2,1,1,1,3.75,1.25,3.25,2.25,4,4,3,1,2,0,0.25,240,145,2.25,3,2,1,4,47,13.5,2,23,0
2022DMF1C_tani_rep1_VH21-0112_34,VH21-0112,IBA972205,34,12,2,NA,1,0.75,4,1.33,2.67,2.666666667,1,3,1,1,3,0,2,235,135,3.666666667,3,2,2,3,26,6.5,NA,8.5,6
2022DMF1C_tani_rep1_VH21-0066_35,VH21-0066,IBA972205,35,13,2,NA,1,0,0,0,0,0,0,0,0,0,0,0,0,NA,NA,0,NA,NA,NA,NA,NA,NA,NA,NA,NA
2022DMF1C_tani_rep1_VH21-0703_36,VH21-0703,KU50,36,14,2,NA,1,1,5,1,1,1,0.75,0.75,0.75,2.25,1.25,0.25,1.75,215,120,3,NA,NA,NA,NA,NA,NA,NA,NA,NA
2022DMF1C_tani_rep1_VF21-0187_37,VF21-0187,KM140_AR9-18,37,15,2,NA,1,0.5,4.5,1,1,1,0.5,1.5,0.5,0.5,0.5,0,0,195,195,1,NA,NA,NA,NA,NA,NA,NA,NA,NA
2022DMF1C_tani_rep1_VH21-0520_38,VH21-0520,AR9-18,38,16,2,NA,1,0.75,4.67,1,1,1,1,1.333333333,2,1.333333333,3,0,0,235,235,1,2,3,2,3,6,1.5,1,NA,5
2022DMF1C_tani_rep1_VH21-0674_39,VH21-0674,KU50,39,17,2,NA,1,0.75,5,1,1,1,1,3,1,1,1.666666667,2.666666667,3,185,87,5,3,2,2,3,27,6.8,1,20.1,0
2022DMF1C_tani_rep1_VH21-0420_40,VH21-0420,NA,40,18,2,NA,1,0.25,5,3,4,3,1,1,1,1,3,0,1,237,210,2,NA,NA,NA,NA,NA,NA,NA,NA,NA
2022DMF1C_tani_rep1_VF21-0096_41,VF21-0096,HLS13_AR9-18,41,19,2,NA,1,1,4,1,1.5,1.75,1,1,1,1,1.5,0,1.75,307,234,3,2,1,1,4,12,4,1,NA,0
2022DMF1C_tani_rep1_IBA980581_42,IBA980581,NA,42,20,2,1,1,1,5,1,1,1,1,1,2,3,1.5,3.75,0.75,260,122,3.75,2,1,2,4,20,8.8,1,14,4
2022DMF1C_tani_rep1_VH21-0084_43,VH21-0084,IBA972205,43,21,2,NA,1,0.25,5,1,1,1,1,1,1,1,1,3,3,270,123,5,NA,NA,NA,NA,NA,NA,NA,NA,NA
2022DMF1C_tani_rep1_VF21-0173_44,VF21-0173,KM140_AR9-18,44,22,2,NA,1,1,4.75,1,1,1,0.75,1.75,1,1,1.25,0.75,0.25,316,284,1.25,2,2,1,3,13,3.5,1,NA,3
2022DMF1C_tani_rep1_VH21-0048_45,VH21-0048,IBA972205,45,1,3,NA,1,1,4.5,1,2.75,2,1,1,1,1,1.5,0,2.75,225,93,5,2,2,2,4,39,15,1,28.3,4
2022DMF1C_tani_rep1_VH21-0531_46,VH21-0531,AR9-18,46,2,3,NA,1,1,3,1,1,1,0.75,1.75,0.75,0.75,0.75,0,2,269,220,2.25,5,3,2,2,4,1,2,NA,0
2022DMF1C_tani_rep1_VH21-0127_47,VH21-0127,IBA980505,47,3,3,NA,1,1,5,1.25,1.5,1.75,1,1,1,1,2.25,0.5,3.25,358,168,4,3,2,2,4,48,28.8,1,20,6
2022DMF1C_tani_rep1_CR24-16_48,CR24-16,NA,48,4,3,1,1,1,5,1,1,1,1,1,4,1,2.25,0,0,225,225,2,1,2,3,4,24,6.5,1,15,0
2022DMF1C_tani_rep1_VH21-0092_49,VH21-0092,IBA972205,49,5,3,NA,1,1,4.25,1.75,3.25,2,2.25,2.25,0.75,1.25,0.75,2,2.75,255,80,3.75,5,3,2,4,12,3,1,NA,0
2022DMF1C_tani_rep1_VH21-0460_50,VH21-0460,AR9-18,50,6,3,NA,1,1,5,1,1,1,1,3,1,1,1.25,0,3.25,235,107,4,5,3,NA,NA,NA,NA,NA,NA,NA
2022DMF1C_tani_rep1_VH21-0063_51,VH21-0063,IBA972205,51,7,3,NA,1,1,4.5,2.5,2.75,2.75,3,3,1,1,1.5,0,3.25,218,103,4,4,3,1,4,16,3,2,NA,0
2022DMF1C_tani_rep1_VH21-0041_52,VH21-0041,IBA972205,52,8,3,NA,1,1,3.75,1,1,1,0.75,2.25,0.75,0.75,1,0,2.25,203,93,3,2,1,3,3,8,2,1,NA,4
2022DMF1C_tani_rep1_VH21-0375_53,VH21-0375,KM140,53,9,3,NA,1,1,4,1.75,3,2,2,1,1,1,2.75,0,0.75,215,115,2.75,NA,NA,NA,NA,NA,NA,NA,NA,NA
2022DMF1C_tani_rep1_VH21-0487_54,VH21-0487,AR9-18,54,10,3,NA,1,0.75,3.33,1,1,1,1,3,1,1,1.333333333,0.666666667,2.666666667,235,113,4,NA,NA,NA,NA,NA,NA,NA,NA,NA
2022DMF1C_tani_rep1_VH21-0600_55,VH21-0600,HLS13,55,11,3,NA,1,1,4.5,1,1,1,1,1,1,1,1.75,0,3.25,237,155,3,2,1,2,4,35,11.5,1,28.3,4
2022DMF1C_tani_rep1_VH21-0426_56,VH21-0426,CR24-16,56,12,3,NA,1,1,3,1,1,1,1,3,1,1,1.75,0,3,205,89,4,2,1,2,4,17,4,1,NA,0
2022DMF1C_tani_rep1_KU50_57,KU50,NA,57,13,3,1,1,1,4.25,1.25,2,2,2,3,1,1,1.75,0,1,237,156,3,1,1,2,4,19,6,1,20,0
2022DMF1C_tani_rep1_VH21-0432_58,VH21-0432,NA,58,14,3,NA,1,1,4.5,1.5,4,2.25,1,4,1,2,1.75,0.25,2,230,167,3.75,3,2,3,4,1,0,1,NA,0
2022DMF1C_tani_rep1_VF21-0028_59,VF21-0028,HLS14_AR9-18,59,15,3,NA,1,1,3.25,1.5,2.75,2.5,2.25,3,1,2,2,0,2.5,235,133,3,3,2,2,NA,NA,0,NA,NA,0
2022DMF1C_tani_rep1_VH21-0500_60,VH21-0500,AR9-18,60,16,3,NA,1,1,5,1.5,1,1,1,2.5,1,2,2,0,1.25,263,217,3,2,1,2,4,33,9,2,11.5,4
2022DMF1C_tani_rep1_VH21-0486_61,VH21-0486,AR9-18,61,17,3,NA,1,0.75,5,1,1,1,1,2,1,1,1.333333333,0,0,343,343,1.666666667,5,3,3,4,10,3,2,NA,0
2022DMF1C_tani_rep1_VH21-0021_62,VH21-0021,IBA920057,62,18,3,NA,1,0.75,4.67,1,1,1,1,1,1,1,1.666666667,0,3.666666667,263,104,4,4,3,3,3,14,6,2,11.3,0
2022DMF1C_tani_rep1_VH21-0176_63,VH21-0176,IBA980505,63,19,3,NA,1,0.5,4,1,1,1,1,3,1,1,2,0,3,245,125,4,3,2,3,2,24,7,1,14.5,4
2022DMF1C_tani_rep1_VF21-0085_64,VF21-0085,HLS14_AR9-18,64,20,3,NA,1,1,4.5,1,1,1,1,1.25,1,1,1.75,1.25,0,267,267,2.25,1,1,2,4,21,4.5,1,NA,7
2022DMF1C_tani_rep1_VH21-0957_65,VH21-0957,SM937-26,65,21,3,NA,1,1,5,1,1,1,1,2,1,1,2,1,2.75,304,217,3,5,3,2,4,7,2,2,NA,0
2022DMF1C_tani_rep1_IBA980581_66,IBA980581,NA,66,22,3,1,1,1,5,1,1,1,1,1.5,2.25,1,2.75,0,0.5,267,119,1.75,2,1,2,4,37,11,1,20.5,8
2022DMF1C_tani_rep1_VH21-1094_67,VH21-1094,TMEB419,67,1,4,NA,1,1,4.75,1,1,1,1,1,1,3,2,1.25,2.75,257,128,5,3,1,3,4,33,19,NA,21.3,0
2022DMF1C_tani_rep1_VH21-0739_68,VH21-0739,KU50,68,2,4,NA,1,1,4.25,1.5,2.5,4,4,4,1,1,1.25,0,3,250,94,4,3,2,2,4,20,4.5,NA,NA,0
2022DMF1C_tani_rep1_VH21-0100_69,VH21-0100,IBA972205,69,3,4,NA,1,1,4.25,1,3.25,4,3,2,1,1,1.25,0,2.25,278,128,4,NA,NA,NA,NA,16,3.2,NA,NA,3
2022DMF1C_tani_rep1_VH21-0539_70,VH21-0539,AR9-18,70,4,4,NA,1,1,3.5,2,2,2.75,2.25,3,1,1,1.5,0,2.25,283,233,3,4,3,3,4,11,3.3,NA,NA,4
2022DMF1C_tani_rep1_VF21-0132_71,VF21-0132,HLS13_AR9-18,71,5,4,NA,1,1,4.75,1,1,1,1,1,2,1,1.75,0,3,290,169,3,2,3,2,4,19,5.5,NA,18,7
2022DMF1C_tani_rep1_KU50_72,KU50,NA,72,6,4,1,1,1,3.75,1.25,3.25,3,3,4,1,1,2,0,0.25,240,155,2,2,1,2,4,19,4.2,NA,NA,0
2022DMF1C_tani_rep1_VH21-0946_73,VH21-0946,SM937-26,73,7,4,NA,1,1,3.5,1.5,3,4,2.5,1,2,2,1.25,0,1.75,180,114,3.25,3,3,3,4,5,1.6,NA,NA,0
2022DMF1C_tani_rep1_VF21-0057_74,VF21-0057,HLS14_AR9-18,74,8,4,NA,1,1,3.75,1,1,1,1,3,1,1,2.5,0,2.25,210,100,4,3,3,2,4,15,1.8,NA,NA,7
2022DMF1C_tani_rep1_VH21-0079_75,VH21-0079,IBA972205,75,9,4,NA,1,1,3.75,1,1,1,1,3,1,1,1.75,0,2.5,215,97,4,3,3,3,4,7,1,NA,NA,0
2022DMF1C_tani_rep1_VH21-1069_76,VH21-1069,TMEB419,76,10,4,NA,1,1,4,1,1,1,1,1,1,1,2.25,0.25,1.25,275,215,1.75,3,3,3,4,14,4.2,NA,NA,8
2022DMF1C_tani_rep1_VH21-0473_77,VH21-0473,AR9-18,77,11,4,NA,1,1,3.25,1,1,1,1,1,1,1,2,0,2.5,285,226,3,5,3,2,4,8,2,NA,NA,8
2022DMF1C_tani_rep1_VF21-0146_78,VF21-0146,KM140_AR9-18,78,12,4,NA,1,1,3.25,1,1,1,1,1,1,1,1.5,0,1,257,250,1.5,2,1,2,4,28,10,NA,20,6
2022DMF1C_tani_rep1_VH21-0615_79,VH21-0615,HLS13,79,13,4,NA,1,0.75,5,1,1,1,1,3,1,1,2.333333333,0,1,280,247,1.666666667,3,2,3,4,7,1.6,NA,NA,7
2022DMF1C_tani_rep1_VH21-0518_80,VH21-0518,AR9-18,80,14,4,NA,1,1,3.75,1,1,1,0.25,0.75,0.25,0.25,0.5,0,0.25,245,215,0.5,4,3,1,3,1,0.2,NA,NA,2
2022DMF1C_tani_rep1_TMEB419_81,TMEB419,NA,81,15,4,1,1,0.75,4.33,1,1.67,1.666666667,2,4,1.666666667,1,2.333333333,0,0.666666667,209,155,1.333333333,3,1,3,4,2,0.5,NA,NA,0
2022DMF1C_tani_rep1_VH21-1087_82,VH21-1087,TMEB419,82,16,4,NA,1,1,5,1,1,1,1,3,1,2,2.25,0,2.5,228,130,3,2,1,3,4,34,9.5,NA,19.6,7
2022DMF1C_tani_rep1_VF21-0041_83,VF21-0041,HLS14_AR9-18,83,17,4,NA,1,1,5,1,1,1,1,4,1,1,2,0.75,2.25,210,167,3,4,3,2,4,9,2,NA,NA,0
2022DMF1C_tani_rep1_VH21-0053_84,VH21-0053,IBA972205,84,18,4,NA,1,0,0,0,0,0,0,0,0,0,0,0,0,NA,NA,0,NA,NA,NA,NA,NA,NA,NA,NA,NA
2022DMF1C_tani_rep1_VH21-0775_85,VH21-0775,KU50,85,19,4,NA,1,1,5,1,3.75,2,3.25,3,1,1,1.5,0.5,2,255,190,3,2,1,3,4,26,10,NA,22.2,0
2022DMF1C_tani_rep1_VH21-0286_86,VH21-0286,KM140,86,20,4,NA,1,1,5,1,1,2,1,1.5,1,4,2.5,0,3.25,237,85,4,3,3,3,4,38,13.8,NA,21.5,0
2022DMF1C_tani_rep1_VF21-0172_87,VF21-0172,KM140_AR9-18,87,21,4,NA,1,1,5,1,1,1,1,3,1,2,1.5,0,2.25,265,165,3.75,3,2,2,4,28,7.5,NA,20.6,5
2022DMF1C_tani_rep1_VH21-0200_88,VH21-0200,IBA980505,88,22,4,NA,1,1,5,1.5,2.25,1.5,0.5,2,0.5,0.5,0.75,0.5,2,225,45,2.5,3,3,2,4,16,5.5,NA,9.8,0
2022DMF1C_tani_rep1_VH21-0529_89,VH21-0529,AR9-18,89,1,5,NA,1,1,3,1,1,1,1,1,1,1,1.5,0.5,0,276,276,1.5,1,1,3,4,27,7,1,23.5,6
2022DMF1C_tani_rep1_VH21-0421_90,VH21-0421,NA,90,2,5,NA,1,1,3.25,1,2,1,0.5,0.5,0.5,0.5,0.5,0,0,315,315,1,2,1,2,2,15,3,1,NA,4
2022DMF1C_tani_rep1_VH21-0437_91,VH21-0437,CR27-20,91,3,5,NA,1,0.75,3.67,1.33,1.67,1.666666667,1.333333333,1,1,1,1.666666667,0,0.666666667,235,142,2,3,1,2,3,10,5,1,14,2
2022DMF1C_tani_rep1_VH21-0097_92,VH21-0097,IBA972205,92,4,5,NA,1,1,4,1,1,1,1,3,1,1,1.25,0,3.5,270,95,4,3,3,2,4,28,8.1,1,23.2,3
2022DMF1C_tani_rep1_VH21-0476_93,VH21-0476,AR9-18,93,5,5,NA,1,1,4.5,1,1,1,1,1,1,1,1.25,0,4,245,134,4,5,3,2,4,20,3,2,NA,0
2022DMF1C_tani_rep1_VH21-0295_94,VH21-0295,KM140,94,6,5,NA,1,1,3.5,1,1.5,1.75,1,1,2,1,2.75,0,3.75,217,215,4,3,3,2,4,30,5.8,2,16.2,4
2022DMF1C_tani_rep1_VH21-1086_95,VH21-1086,TMEB419,95,7,5,NA,1,1,3,1,1,1,1,1,4,1,1.25,0,1.75,165,89,4,5,2,3,4,10,1,1,NA,0
2022DMF1C_tani_rep1_IBA980581_96,IBA980581,NA,96,8,5,1,1,1,3,1,1,1,1,1,2,1,1.75,0,0,208,208,1.75,4,1,2,4,13,3,1,NA,4
2022DMF1C_tani_rep1_VH21-0061_97,VH21-0061,IBA972205,97,9,5,NA,1,1,3,1,1,1,0.75,1.5,0.75,0.75,1.25,0,0,239,239,1,NA,NA,NA,3,NA,NA,NA,NA,NA
2022DMF1C_tani_rep1_VH21-0057_98,VH21-0057,IBA972205,98,10,5,NA,1,1,2.5,1,1,1,1,1,1,2,1.75,0,3.25,183,79,4,3,1,2,4,10,3,1,NA,0
2022DMF1C_tani_rep1_VH21-1116_99,VH21-1116,CR24-12,99,11,5,NA,1,1,1.5,1,1,1,0.25,1,1,0.25,0.5,0,0,156,156,0.25,2,1,2,2,10,2.5,1,NA,0
2022DMF1C_tani_rep1_VH21-0090_100,VH21-0090,IBA972205,100,12,5,NA,1,1,3,1,1,1,0.75,0.75,2.25,1.5,1,0,2,240,143,2.25,1,1,2,3,26,9.5,1,15.5,4
2022DMF1C_tani_rep1_VH21-1139_101,VH21-1139,CR24-12,101,13,5,NA,1,1,3,1.25,2.25,2,1.75,1,1,1,1.75,0,3,163,81,5,4,3,2,3,12,4.5,2,NA,4
2022DMF1C_tani_rep1_VH21-0193_102,VH21-0193,IBA980505,102,14,5,NA,1,1,2.25,1,1,1,0.25,0.75,0.25,0.25,0.25,0.75,0.75,93,39,1.25,NA,NA,NA,NA,0,0,NA,NA,0
2022DMF1C_tani_rep1_VF21-0185_103,VF21-0185,KM140_AR9-18,103,15,5,NA,1,1,3,1,1,1,0.5,0.5,2,2,1,0,2,275,87,2.5,NA,NA,NA,NA,0,0,NA,NA,NA
2022DMF1C_tani_rep1_VF21-0023_104,VF21-0023,HLS14_AR9-18,104,16,5,NA,1,1,3,1,1,1,1,2,1,1,1.75,0,0,155,155,1.25,3,2,2,4,10,2.5,1,NA,3
2022DMF1C_tani_rep1_CR24-16_105,CR24-16,NA,105,17,5,1,1,1,3.75,1,1,1,0.25,0.25,1,0.25,0.5,0,0,205,205,0.25,NA,NA,NA,1,0,0,NA,NA,NA
2022DMF1C_tani_rep1_VH21-1081_106,VH21-1081,TMEB419,106,18,5,NA,1,1,3,1,1,1,1,1,1.75,1.25,1.5,0,0.75,188,172,1.5,2,1,2,3,19,2.8,2,NA,3
2022DMF1C_tani_rep1_VH21-1088_107,VH21-1088,TMEB419,107,19,5,NA,1,1,3,1,1,1,1,1.25,1.25,2.5,2,0,0.25,218,208,1.75,2,2,2,4,32,8,1,19.5,5
2022DMF1C_tani_rep1_VH21-0682_108,VH21-0682,KU50,108,20,5,NA,1,1,4,1,2.25,2.75,1,1,1,2,1.5,0,0,278,278,1.5,1,1,2,4,20,5,1,19.4,5
2022DMF1C_tani_rep1_VH21-0087_109,VH21-0087,IBA972205,109,21,5,NA,1,0.75,5,1,2.33,3,2,2,2,2,1.666666667,0,3.666666667,260,83,6.666666667,3,3,2,3,17,4.5,1,NA,0
2022DMF1C_tani_rep1_VF21-0165_110,VF21-0165,KM140_AR9-18,110,22,5,NA,1,1,5,1,1,1,1,1,1,1,2.5,0,0,263,263,1,4,3,1,4,25,3.5,1,NA,6
2022DMF1C_tani_rep1_CR24-16_111,CR24-16,NA,111,1,6,1,1,1,4,1,1,1,1,1,3,1,1.75,0,0,228,228,1,2,1,3,4,25,6.4,NA,12.6,0
2022DMF1C_tani_rep1_VH21-0212_112,VH21-0212,KM140,112,2,6,NA,1,1,4,1,1,1,0.75,0.75,0.75,3,1,0,3.25,267,79,3.75,4,3,2,3,16,3,NA,NA,0
2022DMF1C_tani_rep1_VH21-0093_113,VH21-0093,IBA972205,113,3,6,NA,1,1,4.25,1,4,4,0.75,1,0.75,3,1.5,0,0.25,348,340,0.75,3,2,1,4,29,5.2,NA,9,6
2022DMF1C_tani_rep1_VH21-0428_114,VH21-0428,CR24-16,114,4,6,NA,1,1,5,1,1,1,0.75,0.75,1.5,0.75,1.25,0,0,277,277,1,4,3,2,3,14,2,NA,NA,4
2022DMF1C_tani_rep1_VH21-1144_115,VH21-1144,CR24-12,115,5,6,NA,1,1,5,1,1,1,0.75,0.75,0.75,0.75,1.75,0,0.5,249,175,1.25,3,1,2,2,17,3.8,NA,NA,4
2022DMF1C_tani_rep1_VH21-0203_116,VH21-0203,IBA980505,116,6,6,NA,1,1,4,1,1,1,1,1.5,1,2.25,2.25,0,0,165,165,1,3,2,2,4,22,8,NA,19,8
2022DMF1C_tani_rep1_VH21-0438_117,VH21-0438,CR27-20,117,7,6,NA,1,1,2.75,1.5,1.75,1.5,1,2.75,1,1,1.5,0,0,130,130,1.75,2,1,2,4,18,3,NA,NA,3
2022DMF1C_tani_rep1_VH21-0095_118,VH21-0095,IBA972205,118,8,6,NA,1,1,4,1,1,1,1,1,1,2,1.75,0,2.5,243,134,3,3,1,1,4,12,2,NA,NA,7
2022DMF1C_tani_rep1_VH21-0563_119,VH21-0563,HLS13,119,9,6,NA,1,1,3.5,1,1,1,1,1,1,1,1.5,0,1.5,240,210,2.5,NA,NA,NA,2,NA,NA,NA,NA,5
2022DMF1C_tani_rep1_CR24-16_120,CR24-16,NA,120,10,6,1,1,1,3.25,1,1,1,1,1,4,1,1.5,0,0,213,213,1.5,2,1,2,4,5,2.5,NA,NA,0
2022DMF1C_tani_rep1_VH21-0371_121,VH21-0371,KM140,121,11,6,NA,1,1,3,1,1,1,1,1,1,1,1.75,0,0.5,237,232,1.25,3,3,2,4,31,9,NA,22.7,6
2022DMF1C_tani_rep1_VH21-1090_122,VH21-1090,TMEB419,122,12,6,NA,1,0,0,0,0,0,0,0,0,0,0,0,0,NA,NA,0,NA,NA,NA,NA,NA,NA,NA,23,NA
2022DMF1C_tani_rep1_VF21-0109_123,VF21-0109,HLS13_AR9-18,123,13,6,NA,1,1,5,1,1,1,1,1.25,1,1,1.25,0.75,0,314,314,1.75,2,1,2,4,23,7,NA,NA,5
2022DMF1C_tani_rep1_VH21-0074_124,VH21-0074,IBA972205,124,14,6,NA,1,0.75,3.33,1,3.67,3,1.666666667,1.333333333,0.333333333,0.333333333,0.333333333,0,0.666666667,158,115,1.666666667,NA,NA,NA,1,NA,NA,NA,NA,NA
2022DMF1C_tani_rep1_VH21-0197_125,VH21-0197,IBA980505,125,15,6,NA,1,1,3.5,1,1,1,0.75,3,3,0.75,2.5,0,2.25,110,45,3.75,NA,NA,NA,2,NA,NA,NA,NA,NA
2022DMF1C_tani_rep1_VH21-0086_126,VH21-0086,IBA972205,126,16,6,NA,1,0.75,4,1,1,1,1,1.666666667,1.666666667,2,1.333333333,0,2.666666667,228,73,4,4,3,2,3,3,0.7,NA,NA,0
2022DMF1C_tani_rep1_VH21-0681_127,VH21-0681,KU50,127,17,6,NA,1,1,5,1,1,1,1,2,1.5,1,1.25,0,0,265,265,1.75,2,2,2,4,13,4,NA,NA,5
2022DMF1C_tani_rep1_VH21-0427_128,VH21-0427,CR24-16,128,18,6,NA,1,1,4,1,1,1,1,2,3,1,2,0,0,245,245,1,2,1,3,4,20,8,NA,16.5,7
2022DMF1C_tani_rep1_TMEB419_129,TMEB419,NA,129,19,6,1,1,0.75,4,1,2.33,1.666666667,1,2.666666667,1,3,1.333333333,0,0.333333333,230,128,2.333333333,3,1,2,3,18,5,NA,20.3,0
2022DMF1C_tani_rep1_VH21-0136_130,VH21-0136,IBA980505,130,20,6,NA,1,1,5,1,1,1,0.75,3,3,0.75,1.25,6.5,3,170,103,5,3,1,2,2,11,2,NA,NA,0
2022DMF1C_tani_rep1_VH21-0992_131,VH21-0992,SM937-26,131,21,6,NA,1,0.75,4,1.3,3.67,3,NA,NA,NA,NA,NA,NA,NA,NA,NA,NA,NA,NA,NA,NA,NA,NA,NA,NA,NA
2022DMF1C_tani_rep1_VH21-0737_132,VH21-0737,KU50,132,22,6,NA,1,1,5,1,1,1,1,1.25,1,1,1.25,1.75,1,345,330,3,2,1,2,4,15,4.5,NA,NA,4
2022DMF1C_tani_rep1_VH21-0425_133,VH21-0425,CR24-16,133,1,7,NA,1,0.5,5,1,1,1,2,4,2,2,5,3,8,235,98,10,3,3,3,4,27,8.5,2,18.2,0
2022DMF1C_tani_rep1_VF21-0015_134,VF21-0015,HLS14_AR9-18,134,2,7,NA,1,1,5,1,1,1,1,1,1,1,2,0.25,0.25,250,148,1.25,3,3,2,4,25,6.5,2,18.8,6
2022DMF1C_tani_rep1_KM505_135,KM505,NA,135,3,7,1,1,0.75,5,2.67,3.67,3,1.333333333,1,1,1,2.333333333,0,0.666666667,279,188,1.333333333,1,1,3,3,28,7,1,27.2,6
2022DMF1C_tani_rep1_VH21-1138_136,VH21-1138,CR24-12,136,4,7,NA,1,1,4,1.5,3.75,2.75,1.5,3.25,1,1,1.75,0,2,227,133,3,3,2,3,3,27,6.5,1,25.5,6
2022DMF1C_tani_rep1_VH21-0429_137,VH21-0429,NA,137,5,7,NA,1,0.5,4,1.67,3,3,2,1,1,1,2.5,0,1.5,260,255,2,2,1,3,2,15,4.5,1,NA,0
2022DMF1C_tani_rep1_VF21-0197_138,VF21-0197,KM419_AR9-18,138,6,7,NA,1,1,3.75,1,1,1,1,3,1,1,2,0,3.5,175,86,5,1,1,2,4,48,20,1,19.4,1
2022DMF1C_tani_rep1_VH21-0083_139,VH21-0083,IBA972205,139,7,7,NA,1,0.25,3,1,1,1,1,1,1,1,1,NA,3,196,86,4,4,1,2,1,4,1.5,2,NA,0
2022DMF1C_tani_rep1_VH21-0905_140,VH21-0905,HLS14,140,8,7,NA,1,1,4,1,1,1,1,1,1,1,2.75,0.75,2.75,166,94,4,4,3,2,4,38,10,2,19.7,5
2022DMF1C_tani_rep1_VH21-0457_141,VH21-0457,AR9-18,141,9,7,NA,1,0.75,4,1,1,1,1,1,1,1,1,0,2,175,135,3,NA,NA,NA,0,NA,0,NA,NA,0
2022DMF1C_tani_rep1_VF21-0184_142,VF21-0184,KM140_AR9-18,142,10,7,NA,1,1,5,1,1,1,1,1,1,1,1.5,0.25,0,256,256,1.5,1,1,1,4,28,8.5,1,21,6
2022DMF1C_tani_rep1_VF21-0095_143,VF21-0095,HLS13_AR9-18,143,11,7,NA,1,1,3,1.5,4,3,1,1,1,2,1.5,0.5,2,245,224,2,3,2,1,4,19,7.5,NA,24.4,2
2022DMF1C_tani_rep1_KM505_144,KM505,NA,144,12,7,1,1,1,3.75,2.5,3.75,3,2.25,1,1.5,2.25,2,0,0.5,245,231,1.5,1,1,3,4,25,6.2,1,25.7,0
2022DMF1C_tani_rep1_VH21-1145_145,VH21-1145,CR24-12,145,13,7,NA,1,1,4,1,1,1,1,2,1,2.25,2.25,0,0,170,170,1,1,1,1,4,30,9,1,NA,4
2022DMF1C_tani_rep1_VH21-0446_146,VH21-0446,AR9-18,146,14,7,NA,1,1,3.75,1,1,1,1,3,1,1,1.25,0,3,250,167,3,5,3,NA,4,4,0.5,2,NA,0
2022DMF1C_tani_rep1_VH21-0036_147,VH21-0036,IBA972205,147,15,7,NA,1,1,2.5,1.5,4,3,3.25,2,1,2,2.5,0,3.25,185,85,4,5,3,2,4,8,1.5,1,NA,0
2022DMF1C_tani_rep1_VF21-0093_148,VF21-0093,HLS13_AR9-18,148,16,7,NA,1,0.75,4,1,1,1,1,3,1,1,2.333333333,0.333333333,2.666666667,260,204,4,NA,NA,NA,3,26,8,1,15,6
2022DMF1C_tani_rep1_VF21-0098_149,VF21-0098,HLS13_AR9-18,149,17,7,NA,1,2,4.5,2.25,2,1.875,0.5,0.5,0.5,1,0.625,1.375,2,210,116,2,1,1,1,4,30,8.5,1,17.3,5
2022DMF1C_tani_rep1_VH21-1140_150,VH21-1140,CR24-12,150,18,7,NA,1,1,4,1,1,1,1,1,1,1,3.25,0,0,245,245,1,1,1,1,4,37,10,1,22,10
2022DMF1C_tani_rep1_VF21-0190_151,VF21-0190,KM140_AR9-18,151,19,7,NA,1,1,4,1.5,3,1,1,1,1,1,2.25,0,2.5,239,146,3,2,2,2,4,45,14,1,20,6
2022DMF1C_tani_rep1_VH21-0502_152,VH21-0502,AR9-18,152,20,7,NA,1,0.5,4,2,2.5,2.5,0.5,2,0.5,0.5,0.5,0.5,2,239,95,2.5,NA,NA,NA,1,NA,NA,NA,NA,0
2022DMF1C_tani_rep1_CR24-16_153,CR24-16,NA,153,21,7,1,1,1,5,1,1,1,1,1,4,1,3,0,0,260,260,2,2,2,3,4,31,6,1,16,0
2022DMF1C_tani_rep1_VH21-1147_154,VH21-1147,CR24-12,154,22,7,NA,1,1,4.25,1,1.75,1,0.5,0.5,0.5,0.5,1.25,0,0,137,137,0.5,3,2,1,2,8,1.5,NA,NA,0
2022DMF1C_tani_rep1_VH21-1132_155,VH21-1132,CR24-12,155,1,8,NA,1,1,3.75,1,1,0,NA,NA,NA,NA,NA,NA,NA,NA,NA,NA,NA,NA,NA,NA,NA,NA,NA,NA,NA
2022DMF1C_tani_rep1_VH21-0789_156,VH21-0789,KU50,156,2,8,NA,1,1,3.25,4,3.25,3,2,1,1,2,1.5,0.25,0,345,345,1.5,2,2,2,4,11,2,NA,NA,0
2022DMF1C_tani_rep1_VH21-0577_157,VH21-0577,HLS13,157,3,8,NA,1,1,4,1,2.75,3,0.75,0.75,0.75,2.25,0.75,0,3,320,133,5,4,3,2,3,6,1,NA,NA,0
2022DMF1C_tani_rep1_VH21-0215_158,VH21-0215,KM140,158,4,8,NA,1,1,3.5,1.25,3.5,3,1,1,1,1.5,1.75,0,0,271,271,1.5,3,3,2,4,8,1.5,NA,NA,0
2022DMF1C_tani_rep1_KU50_159,KU50,NA,159,5,8,1,1,1,4,1.5,3,3,4,4,1,1,1.75,0,1.25,260,149,2.25,2,1,3,4,38,11.5,NA,19,0
2022DMF1C_tani_rep1_VH21-0201_160,VH21-0201,IBA980505,160,6,8,NA,1,1,4,1,1,1,1,3,1,1,1.5,0.5,0,215,215,2,2,2,2,4,37,14.5,NA,15.2,5
2022DMF1C_tani_rep1_VF21-0080_161,VF21-0080,HLS14_AR9-18,161,7,8,NA,1,1,4,1,1,1,1,2,1,2,1.75,0,3.75,214,127,3,3,3,2,4,35,10.2,NA,25.5,7
2022DMF1C_tani_rep1_VF21-0005_162,VF21-0005,HLS13_CR24-3,162,8,8,NA,1,1,5,1,1,1,1,1,1,1,1.75,1.25,0.75,220,108,1.75,3,2,2,4,35,12,NA,23.2,7
2022DMF1C_tani_rep1_VH21-0628_163,VH21-0628,HLS13,163,9,8,NA,1,1,5,1,1,1,1,1.5,1,1,1.5,0,0,265,265,1.5,NA,NA,NA,4,NA,NA,NA,NA,6
2022DMF1C_tani_rep1_VH21-0526_164,VH21-0526,AR9-18,164,10,8,NA,1,1,4,1.75,4,3,2.5,3,1,1,1.75,0,3,240,176,3,3,1,1,4,17,4,NA,NA,0
2022DMF1C_tani_rep1_VH21-0613_165,VH21-0613,HLS13,165,11,8,NA,1,1,4.25,2.5,3.5,3,1,1,1,1,1.75,0,3.25,310,260,3,NA,NA,NA,4,28,5,NA,22.7,6
2022DMF1C_tani_rep1_VF21-0149_166,VF21-0149,KM140_AR9-18,166,12,8,NA,1,1,5,1,1,1,1,1.25,1,1,1.5,0,0.5,300,290,2,3,1,2,4,53,11,NA,18,5
2022DMF1C_tani_rep1_VH21-0988_167,VH21-0988,SM937-26,167,13,8,NA,1,1,4,2,3.75,3,1,1.5,1.5,1,1.5,1.75,0,190,190,2,2,1,3,3,15,3.8,NA,NA,0
2022DMF1C_tani_rep1_IBA980581_168,IBA980581,NA,168,14,8,1,1,1,4.75,1,1,1,1,1.25,2,1,1.25,0.75,0.75,255,135,3,3,2,2,4,16,4.9,NA,NA,6
2022DMF1C_tani_rep1_VH21-0780_169,VH21-0780,KU50,169,15,8,NA,1,1,3.75,2,3,2.5,1.5,1.75,1,1,1,0,1.75,230,159,3,NA,NA,NA,4,NA,NA,NA,NA,6
2022DMF1C_tani_rep1_VH21-0503_170,VH21-0503,AR9-18,170,16,8,NA,1,1,4.5,1,1,1,1,4,1,1,2,0,3.25,245,118,4,3,1,2,4,25,8,NA,9,8
2022DMF1C_tani_rep1_VH21-0893_171,VH21-0893,KM419,171,17,8,NA,1,1,3.75,2,4,3,2.75,1.5,3,1,2,0,0,214,214,2,3,3,1,4,24,4,NA,NA,3
2022DMF1C_tani_rep1_VF21-0009_172,VF21-0009,HLS14_AR9-18,172,18,8,NA,1,1,3.5,1.25,3.25,3,2,1,1,2,1.25,0,3.5,256,206,4,2,3,2,4,20,4.1,NA,NA,5
2022DMF1C_tani_rep1_VH21-0098_173,VH21-0098,IBA972205,173,19,8,NA,1,1,3.5,3,4,3,3,3,1,1,1.5,2.75,3,270,127,5,3,3,2,4,13,1.5,NA,NA,0
2022DMF1C_tani_rep1_VF21-0175_174,VF21-0175,KM140_AR9-18,174,20,8,NA,1,1,4,1.5,2.5,3,2.5,3,1,1,2,2.75,3,275,145,5,3,1,2,4,26,7,NA,18.5,0
2022DMF1C_tani_rep1_VH21-0528_175,VH21-0528,AR9-18,175,21,8,NA,1,1,5,1,1,1,1,4,1.75,1,2,0.25,3,275,128,4,4,1,3,4,30,7,NA,10.3,0
2022DMF1C_tani_rep1_VH21-0019_176,VH21-0019,IBA920057,176,22,8,NA,1,1,5,1,1,1,1,1,1,1,2,0,1.25,310,220,2.5,2,1,3,4,33,9,NA,14.8,8
2022DMF1C_tani_rep1_VF21-0200_177,VF21-0200,KM419_AR9-18,177,1,9,NA,1,1,3.75,1,1,1,1,1,1,1,2,0,0.25,280,270,1.25,1,3,1,4,46,7,1,NA,7
2022DMF1C_tani_rep1_VH21-0779_178,VH21-0779,KU50,178,2,9,NA,1,1,3.75,1,1,1,1,1,1,1,1.25,2.75,3.75,235,95,5,1,1,2,4,41,13,1,NA,3
2022DMF1C_tani_rep1_VH21-0508_179,VH21-0508,AR9-18,179,3,9,NA,1,0.5,5,1,1,1,1,2,1,1,1.5,1.5,4,270,135,5,3,2,3,2,28,11,NA,NA,0
2022DMF1C_tani_rep1_VH21-0481_180,VH21-0481,AR9-18,180,4,9,NA,1,1,5,1,1,1,1,1,1,1,2.25,0,3,245,118,4,5,3,2,4,49,14,NA,NA,NA
2022DMF1C_tani_rep1_VH21-0480_181,VH21-0480,AR9-18,181,5,9,NA,1,1,5,1.5,2.25,3,1,1,1,1,2,0,2,270,205,3,4,3,2,4,20,3.5,2,NA,8
2022DMF1C_tani_rep1_VH21-0059_182,VH21-0059,IBA972205,182,6,9,NA,1,1,3.25,1.75,3,2.75,0.5,1.25,0.75,0.5,0.75,0.25,1.5,260,170,1.5,1,1,2,2,18,6.8,1,NA,3
2022DMF1C_tani_rep1_KM505_183,KM505,NA,183,7,9,1,1,0.75,3.67,2,3.33,3,2,1,1,1,2,0,1,270,235,3,1,1,3,3,25,6.5,NA,NA,NA
2022DMF1C_tani_rep1_VH21-0170_184,VH21-0170,IBA980505,184,8,9,NA,1,1,3,2.25,3,3,3,3.25,1,1,2,0,0.75,225,125,3,1,1,1,4,27,9,NA,NA,0
2022DMF1C_tani_rep1_VH21-0072_185,VH21-0072,IBA972205,185,9,9,NA,1,1,5,1,1,1,1,3,1,1,1.5,0,3,265,105,4,2,1,3,4,4,2.5,1,NA,0
2022DMF1C_tani_rep1_VF21-0055_186,VF21-0055,HLS14_AR9-18,186,10,9,NA,1,1,4.5,1,1,1,1,2,1,1,1.5,0,3.75,255,115,5,1,1,1,4,54,15,1,NA,5
2022DMF1C_tani_rep1_VH21-0450_187,VH21-0450,AR9-18,187,11,9,NA,1,1,4,1,1,1,1,1,1,1,1.75,0,4.75,280,110,5,3,3,3,4,20,9,1,NA,0
2022DMF1C_tani_rep1_VH21-0859_188,VH21-0859,KM419,188,12,9,NA,1,1,4,2,2.5,3.25,2,3,3,1,1.75,0,2.5,270,200,4,NA,NA,NA,NA,NA,NA,NA,NA,NA
2022DMF1C_tani_rep1_VH21-0102_189,VH21-0102,IBA972205,189,13,9,NA,1,1,4.75,1,1,1,1,1,1,1,1.25,0,4.25,265,115,4,3,1,3,4,36,9,1,9,4
2022DMF1C_tani_rep1_VH21-0774_190,VH21-0774,KU50,190,14,9,NA,1,0.25,4,1,1,1,1,1,4,1,1,6,2,200,150,5,4,3,2,1,5,1.5,NA,NA,0
2022DMF1C_tani_rep1_VF21-0031_191,VF21-0031,HLS14_AR9-18,191,15,9,NA,1,1,5,1,1,1,1,3,1,1,1.75,0.5,1.25,250,120,3,3,1,1,4,10,3.5,NA,NA,4
2022DMF1C_tani_rep1_TMEB419_192,TMEB419,NA,192,16,9,1,1,1,4.5,1,1.25,1,1,2.5,1,1,2.5,0,0,300,300,1,2,3,3,4,29,11,1,22.8,4
2022DMF1C_tani_rep1_VH21-0509_193,VH21-0509,AR9-18,193,17,9,NA,1,1,5,1,1,1,1,1,1,1,1.25,0,0,350,350,1.75,5,3,3,4,24,3,2,NA,6
2022DMF1C_tani_rep1_VF21-0012_194,VF21-0012,HLS14_AR9-18,194,18,9,NA,1,1,5,1,1,1,1,1,1,1,1.75,0,2.5,320,210,3,4,3,2,4,24,8,1,21.5,6
2022DMF1C_tani_rep1_VF21-0142_195,VF21-0142,KM140_AR9-18,195,19,9,NA,1,1,4.75,1,1,1,1,2,1,1,3,0,2.5,300,235,3,4,3,2,4,30,8,2,19,9
2022DMF1C_tani_rep1_VH21-0402_196,VH21-0402,KM140,196,20,9,NA,1,1,5,1,1,1,1,1,1,1,2.75,0,0.25,316,150,1,2,1,1,4,38,13,1,19.8,8
2022DMF1C_tani_rep1_VH21-0002_197,VH21-0002,IBA920057,197,21,9,NA,1,1,4,1,1,1,1,1,1,1,2,0,0,270,270,1.25,2,3,2,4,15,4,1,NA,6
2022DMF1C_tani_rep1_VF21-0098_198,VF21-0098,HLS13_AR9-18,198,22,9,NA,1,1,4.5,1,2,1,1,2,1,1,1.75,0,3,268,165,3,3,2,1,4,15,3.5,1,NA,5
2022DMF1C_tani_rep1_VH21-0477_199,VH21-0477,AR9-18,199,1,10,NA,1,0.25,5,1,1,0,NA,NA,NA,NA,NA,NA,NA,NA,NA,NA,NA,NA,NA,NA,NA,NA,NA,NA,NA
2022DMF1C_tani_rep1_VF21-0044_200,VF21-0044,HLS14_AR9-18,200,2,10,NA,1,0.25,3,1,3,3,1,1,1,3,1,0,1,226,156,3,3,3,1,1,3,1,NA,NA,NA
2022DMF1C_tani_rep1_VF21-0120_201,VF21-0120,HLS13_AR9-18,201,3,10,NA,1,0.5,3,1,1,1,1,1,1,1,1.5,0,3,290,243,4,4,3,1,2,19,4,NA,NA,4
2022DMF1C_tani_rep1_VF21-0017_202,VF21-0017,HLS14_AR9-18,202,4,10,NA,1,0,0,0,0,0,0,0,0,0,0,0,0,NA,NA,0,NA,NA,NA,NA,NA,NA,NA,NA,NA
2022DMF1C_tani_rep1_VH21-0550_203,VH21-0550,HLS13,203,5,10,NA,1,1,4,1,1,1,1,1,1,1,2,0,0,290,290,1.5,3,3,1,3,14,2.5,NA,NA,6
2022DMF1C_tani_rep1_VF21-0148_204,VF21-0148,KM140_AR9-18,204,6,10,NA,1,1,3.75,1,1,1,1,1,1,1,1.5,0.25,0,310,310,1.5,4,1,2,4,23,7,NA,NA,3
2022DMF1C_tani_rep1_VH21-0099_205,VH21-0099,IBA972205,205,7,10,NA,1,1,3,2,3.25,3,2,1,1,1,1.75,3.25,2,270,240,3,3,2,1,4,20,6,NA,NA,0
2022DMF1C_tani_rep1_VH21-0442_206,VH21-0442,CR27-20,206,8,10,NA,1,1,3.75,1.75,1.5,1.5,1,1,1,3,1.25,0,3,240,94,4,NA,NA,NA,4,20,11,NA,NA,4
2022DMF1C_tani_rep1_TMEB419_207,TMEB419,NA,207,9,10,1,1,1,2.5,1,1.5,1.5,1,0.75,0.75,0.75,1,0,0,280,280,1.25,1,3,NA,3,4,1,NA,NA,3
2022DMF1C_tani_rep1_VH21-1093_208,VH21-1093,TMEB419,208,10,10,NA,1,1,4,1,1,1,1,1,2,1,1.5,0.25,0.25,295,210,1.75,3,3,2,4,29,6,NA,NA,6
2022DMF1C_tani_rep1_VF21-0084_209,VF21-0084,HLS14_AR9-18,209,11,10,NA,1,1,4.75,1,1,1,1,4,1,1,1.75,0,4.25,214,65,5,3,2,1,4,30,9.5,NA,NA,0
2022DMF1C_tani_rep1_VH21-0065_210,VH21-0065,IBA972205,210,12,10,NA,1,1,3.5,1.5,3.75,4,4,3,3,1,1.5,0,3,258,100,4,3,1,2,4,30,6.2,NA,NA,0
2022DMF1C_tani_rep1_VH21-1041_211,VH21-1041,SM937-26,211,13,10,NA,1,1,4,1,1,1,1,1,1,1,3.5,0,0.75,267,245,2,2,3,2,4,35,9,NA,19.3,11
2022DMF1C_tani_rep1_VH21-0689_212,VH21-0689,KU50,212,14,10,NA,1,0,0,0,0,0,0,0,0,0,0,0,0,NA,NA,0,NA,NA,NA,NA,NA,NA,NA,NA,NA
2022DMF1C_tani_rep1_VH21-0016_213,VH21-0016,IBA920057,213,15,10,NA,1,1,5,1,1,1,1,1.25,1,1,1.75,0,1.5,297,220,3,2,1,2,4,23,13,NA,19.1,7
2022DMF1C_tani_rep1_VH21-0422_214,VH21-0422,NA,214,16,10,NA,1,1,1.75,4,5,4,4,4,4,1,1.75,0,0,210,210,2,NA,NA,NA,4,NA,NA,NA,NA,0
2022DMF1C_tani_rep1_VH21-0054_215,VH21-0054,IBA972205,215,17,10,NA,1,1,3,1,1,1,1,1,1,1,2,0,1.75,190,108,4,3,3,2,4,33,10,NA,17.5,8
2022DMF1C_tani_rep1_IBA980581_216,IBA980581,NA,216,18,10,1,1,1,4,1,1,1,1,1,1,2,1.75,0,0.75,297,140,2.75,3,3,2,4,31,11.5,NA,21.5,3
2022DMF1C_tani_rep1_VF21-0186_217,VF21-0186,KM140_AR9-18,217,19,10,NA,1,1,5,1,1,1,1,1,1,1,1.5,0,3,265,160,3,3,2,2,4,37,9,NA,24,6
2022DMF1C_tani_rep1_VH21-0080_218,VH21-0080,IBA972205,218,20,10,NA,1,1,3,1.25,2.25,2.25,1.5,2,1,1,1.5,0,1,220,135,3,2,1,1,4,17,6,NA,15.8,6
2022DMF1C_tani_rep1_VH21-0137_219,VH21-0137,IBA980505,219,21,10,NA,1,1,4,1,1,1,0.75,2.25,0.75,0.75,1.75,0,2.25,210,95,3,NA,NA,NA,3,12,4.8,NA,NA,6
2022DMF1C_tani_rep1_VF21-0202_220,VF21-0202,KM419_AR9-18,220,22,10,NA,1,1,5,1,1,1,1,2,1,1,2.25,0,3,278,135,3,1,1,2,4,26,9,NA,21.3,8
2022DMF1C_dona_rep1_VH21-0476_1,VH21-0476,AR9-18,1,1,1,0,1,1,5,1,1,1,1,0.75,0.75,NA,2,0,4,390,140,3,4,2,3,3,42,22,2,25.2,0
2022DMF1C_dona_rep1_VH21-0434_2,VH21-0434,CR27-20,2,2,1,0,1,0.67,4,1,1,0.666666667,1,0.746268657,3.731343284,NA,1.492537313,0,1,220,220,0.746268657,2,1,1,1,6,2.8,NA,NA,0
2022DMF1C_dona_rep1_VH21-1088_3,VH21-1088,TMEB419,3,3,1,0,1,1,5,1,1,1,1,0.75,3.5,NA,2,0.75,1,250,250,1.25,2,2,2,1,34,10.2,1,22.6,6
2022DMF1C_dona_rep1_VH21-0754_4,VH21-0754,KU50,4,4,1,0,1,1,5,1,1,1,1,0.75,3.75,NA,1.75,0.75,1,267,150,2.25,1,1,1,3,32,11,1,23.8,1
2022DMF1C_dona_rep1_IBA980581_5,IBA980581,NA,5,5,1,1,1,0.5,5,1,1,0.75,1,1.5,1.5,NA,1.5,2.5,1.5,310,100,5.5,3,2,2,3,22,16,1,24.1,2
2022DMF1C_dona_rep1_VH21-0526_6,VH21-0526,AR9-18,6,6,1,0,1,1,4,1,2.67,3,4,0.75,0.75,NA,1.75,0,3,245,155,2.25,2,2,1,3,32,12,1,26.5,6
2022DMF1C_dona_rep1_VF21-0095_7,VF21-0095,HL-S13_AR9-18,7,7,1,0,1,1,4,1,3,3,3,0.5,0.5,NA,1.5,0.25,2,365,300,1.75,3,2,1,2,26,11.8,1,25.2,5
2022DMF1C_dona_rep1_VH21-1139_8,VH21-1139,CR24-12,8,8,1,0,1,1,4,1,3.3,4,4,1,1.25,NA,2,0,3,205,155,2.25,4,3,1,3,NA,10.228,2,24,5
2022DMF1C_dona_rep1_VH21-0520_9,VH21-0520,AR9-18,9,9,1,0,1,1,5,1,1,1,1,0.75,0.75,NA,1,2.5,3,200,95,3.5,4,2,2,3,30,16.4,1,27.8,0
2022DMF1C_dona_rep1_VH21-0084_10,VH21-0084,IBA972205,10,10,1,0,1,0,NA,NA,NA,0,NA,0,0,NA,0,0,NA,NA,NA,0,NA,NA,NA,NA,NA,NA,NA,NA,0
2022DMF1C_dona_rep1_VH21-0789_11,VH21-0789,KU50,11,11,1,0,1,1,3,1,3,3,3.5,0.5,1.25,NA,1,1.5,1,400,400,2,4,2,1,2,7,4.5,NA,NA,0
2022DMF1C_dona_rep1_VH21-0215_12,VH21-0215,KM140,12,12,1,0,1,1,3,1,3,3,3,0.5,0.5,NA,1.75,0.5,1,215,215,0.75,3,1,1,2,14,5,1,NA,7
2022DMF1C_dona_rep1_VH21-0203_13,VH21-0203,IBA980505,13,13,1,0,1,1,5,1,1,1,1,0.5,0.5,NA,1.25,0,1,220,180,1,1,2,3,2,28,11,1,26.4,5
2022DMF1C_dona_rep1_VH21-0613_14,VH21-0613,HL-S13,14,14,1,0,1,1,3,1,3,3,4,0.5,0.5,NA,1.25,0,3,265,230,1.5,3,2,1,2,17,4.8,1,NA,5
2022DMF1C_dona_rep1_VH21-0036_15,VH21-0036,IBA972205,15,15,1,0,1,1,4,1,2,3,4,1,1,NA,1.25,0,3,245,130,1.5,4,1,1,2,15,6,1,NA,3
2022DMF1C_dona_rep1_VH21-1116_16,VH21-1116,CR24-12,16,16,1,0,1,1,4,1,1,1,1,1,1,NA,1,0,1,235,235,0.5,3,2,1,3,15,5.8,NA,26.6,5
2022DMF1C_dona_rep1_VH21-0446_17,VH21-0446,AR9-18,17,17,1,0,1,1,4,1,1,1,1,1,1,NA,0.75,0.5,3,385,245,1.75,4,2,3,2,18,6.8,2,26,5
2022DMF1C_dona_rep1_VH21-0988_18,VH21-0988,SM937-26,18,18,1,0,1,1,4,1,4,3,3,0.5,1.5,NA,1,0.75,1,200,200,2,5,2,3,2,6,2.2,NA,NA,0
2022DMF1C_dona_rep1_VH21-0681_19,VH21-0681,KU50,19,19,1,0,1,1,4,1,1,1,1,0.5,0.5,NA,1,0,1,390,390,0.5,2,2,3,2,17,10.4,NA,27.1,4
2022DMF1C_dona_rep1_KU50_20,KU50,NA,20,20,1,1,1,1,5,1,1,1.25,1.5,1,1,NA,1.5,0.5,1.6,420,420,2.75,1,2,2,4,45,22,NA,NA,7
2022DMF1C_dona_rep1_VF21-0331_21,VF21-0331,HL-S14_AR9-18,21,21,1,0,1,1,3,1,1,1,1,0.75,0.75,NA,1.75,0.25,2,257,245,2.5,4,1,2,3,20,7.9,NA,23,6
2022DMF1C_dona_rep1_VF21-0275_22,VF21-0275,AR9-18_KM140,22,22,1,0,1,1,2,1,1,4,3.5,1,3,NA,2.25,0,1,170,170,1,5,1,1,4,20,3.5,1,NA,0
2022DMF1C_dona_rep1_VF21-0378_23,VF21-0378,CR100-13_KM60,23,23,1,0,1,1,2,1,4,3,4,0.75,3.25,NA,1.5,0,1,180,160,2.25,5,2,1,3,10,1.8,1,NA,0
2022DMF1C_dona_rep1_HLH21-0102_24,HLH21-0102,HL-S14,24,24,1,0,1,0.75,3,1,3,3,4,1.333333333,5,NA,2,1,2,167,150,4.333333333,4,2,1,4,20,5.8,NA,NA,0
2022DMF1C_dona_rep1_VF21-0306_25,VF21-0306,HL-S14_AR9-18,25,25,1,0,1,1,5,1,1,1.5,3,1,2,NA,2.25,0,4,245,103,3,4,2,2,4,40,15,2,20,0
2022DMF1C_dona_rep1_VF21-0277_26,VF21-0277,AR9-18_KM140,26,26,1,0,1,1,5,1,2.25,1.75,2.25,1,1,NA,2.25,0,4,235,130,3,4,3,1,4,37,12.5,2,23,0
2022DMF1C_dona_rep1_HLH21-0052_27,HLH21-0052,KU50,27,27,1,0,1,1,4,1,4,3,4,1,1,NA,2,0.25,3,200,120,3.25,4,2,1,4,22,7,NA,20.8,0
2022DMF1C_dona_rep1_HLH21-0064_28,HLH21-0064,KU50,28,28,1,0,1,1,3,1,2.5,3,3.5,1,4.75,NA,2,0.25,1,260,260,1.75,4,2,1,4,22,10.2,1,23.3,2
2022DMF1C_dona_rep1_HLH21-5110_29,HLH21-5110,NA,29,29,1,0,1,1,5,1,3.25,3,4,1,1,NA,2.75,0.75,5,200,90,4,3,2,1,4,23,10,1,20.5,0
2022DMF1C_dona_rep1_HLH21-0045_30,HLH21-0045,KU50,30,30,1,0,1,0.25,5,1,1,0.75,3,1,1,NA,3,1,4,345,125,5,3,1,1,1,12,10.6,1,24.5,0
2022DMF1C_dona_rep1_VH21-0437_31,VH21-0437,CR27-20,31,1,2,0,1,1,5,1,2.75,2.25,1.75,1,3.75,NA,2.5,0,1,340,340,1,2,1,1,4,44,16.2,1,22,5
2022DMF1C_dona_rep1_VH21-0448_32,VH21-0448,AR9-18,32,2,2,0,1,1,5,1,1.5,1.5,1.5,1,1,NA,1.5,1.75,3,380,230,3.75,3,3,2,4,20,7.6,2,24.5,5
2022DMF1C_dona_rep1_VH21-0436_33,VH21-0436,CR27-20,33,3,2,0,1,1,5,1,1,1,1,1,4,NA,2.25,0,1.25,255,200,3,3,2,3,4,35,8,1,23,2
2022DMF1C_dona_rep1_VH21-0427_34,VH21-0427,CR24-16,34,4,2,0,1,1,5,1,1,1,1,1,1,NA,2.5,0,1,260,260,1,2,2,3,4,42,11.6,1,31,8
2022DMF1C_dona_rep1_VH21-0422_35,VH21-0422,CR24-16,35,5,2,0,1,1,3,1,4,3.5,2.5,1,4,NA,2,2.5,1,250,250,5,3,2,3,4,22,5,NA,NA,0
2022DMF1C_dona_rep1_CR24-16_36,CR24-16,NA,36,6,2,1,1,1,4,1,1,1,1,1,3,NA,1.25,1.5,1,220,220,3.25,4,1,3,4,13,5.2,NA,NA,0
2022DMF1C_dona_rep1_VH21-0682_37,VH21-0682,KU50,37,7,2,0,1,0.5,4,1,1,1,1,2,3.5,NA,2.5,0,1,300,300,3.5,4,1,2,4,16,5.2,1,NA,1
2022DMF1C_dona_rep1_VF21-0015_38,VF21-0015,HL-S14_AR9-18,38,8,2,0,1,1,5,1,1,1,1,1,1,NA,1.5,0,1.666666667,240,210,1.75,4,2,1,3,28,8.6,2,23,5
2022DMF1C_dona_rep1_VH21-0615_39,VH21-0615,HL-S13,39,9,2,0,1,1,5,1,1,1,1,1,1,NA,2.25,2,2,250,210,2.5,3,2,1,3,20,6.8,1,NA,5
2022DMF1C_dona_rep1_VF21-0190_40,VF21-0190,KM140_AR9-18,40,10,2,0,1,1,3,1,3,3,2,1,1,NA,3.5,0,3,240,180,2.75,3,2,1,3,21,5,1,NA,6
2022DMF1C_dona_rep1_VH21-1081_41,VH21-1081,TMEB419,41,11,2,0,1,1,4,1,1,1,1,1,1,NA,1.25,0,1,248,248,1,3,3,1,3,34,9.2,2,28.3,5
2022DMF1C_dona_rep1_VH21-0438_42,VH21-0438,CR27-20,42,12,2,0,1,1,4,1,1,1,1,1,1,NA,0.75,0,1,260,190,1.75,3,1,2,3,27,7.8,1,21,2
2022DMF1C_dona_rep1_VH21-0774_43,VH21-0774,KU50,43,13,2,0,1,1,5,1,1,0.666666667,1,0.5,0.5,NA,1,0.25,3,325,300,1.75,4,2,2,2,9,3.8,1,NA,4
2022DMF1C_dona_rep1_VF21-0093_44,VF21-0093,HL-S13_AR9-18,44,14,2,0,1,1,5,1,1,1,1,0.75,0.75,NA,1.5,0.25,3,310,245,2.5,4,2,2,3,18,2.5,1,NA,6
2022DMF1C_dona_rep1_VF21-0080_45,VF21-0080,HL-S14_AR9-18,45,15,2,0,1,1,5,1,1,1,1.333333333,1,1,NA,2.25,0.25,3,256,200,2.5,4,3,1,3,25,7.2,NA,25.5,9
2022DMF1C_dona_rep1_VH21-0201_46,VH21-0201,IBA980505,46,16,2,0,1,1,5,1,1,0.857142857,1,0.5,0.5,NA,1.25,0,3,240,240,0.5,2,1,2,2,27,12.6,1,19.5,4
2022DMF1C_dona_rep1_VH21-1140_47,VH21-1140,CR24-12,47,17,2,0,1,1,5,1,1,1,1,1,1,NA,1.25,0,2,218,155,1.5,2,2,1,2,20,7,1,25,4
2022DMF1C_dona_rep1_TMEB419_48,TMEB419,NA,48,18,2,1,1,1,5,1,1,1,1,1,1,NA,2.25,0,1,330,330,1,2,2,3,4,43,22.4,1,28.5,9
2022DMF1C_dona_rep1_VH21-0074_49,VH21-0074,IBA972205,49,19,2,0,1,1,5,1,4,1.857142857,2.285714286,1,1,NA,1.75,3.25,1.857142857,218,130,3.75,3,1,3,3,25,9.4,2,25.8,0
2022DMF1C_dona_rep1_VH21-0946_50,VH21-0946,SM937-26,50,20,2,0,1,1,5,1,3,3,3,1,1,NA,1.5,0,2,239,130,2.25,4,2,3,3,18,9.4,2,18.5,0
2022DMF1C_dona_rep1_VF21-0197_51,VF21-0197,KM419_AR9-18,51,21,2,0,1,1,5,1,1,1,1,1,1,NA,1.75,0,4,245,140,2.25,1,2,2,3,40,12.5,1,26,4
2022DMF1C_dona_rep1_VH21-0539_52,VH21-0539,AR9-18,52,22,2,0,1,1,5,1,1.6,2.333333333,1,0.75,2.75,NA,1.25,0.25,2,280,190,2.5,3,2,3,3,25,6.2,2,NA,5
2022DMF1C_dona_rep1_VH21-0473_53,VH21-0473,AR9-18,53,23,2,0,1,1,5,1,1,1,1,1,1,NA,2.25,0,2,270,200,2.25,5,NA,2,3,0,0,NA,NA,0
2022DMF1C_dona_rep1_VH21-0429_54,VH21-0429,CR24-16,54,24,2,0,1,1,5,1,1,1,1,1,1,NA,1.75,0,1,260,260,0.75,3,2,1,3,25,9,NA,22.3,0
2022DMF1C_dona_rep1_VH21-0125_55,VH21-0125,IBA980505,55,25,2,0,1,1,5,1,1,1,NA,1,1,NA,2.25,0,2,240,135,2,4,1,2,2,15,5.6,1,NA,4
2022DMF1C_dona_rep1_VH21-0905_56,VH21-0905,HL-S14,56,26,2,0,1,1,5,1,1,1,1,1,1,NA,2.5,1,3,235,160,3,5,NA,2,3,18,8,2,21,0
2022DMF1C_dona_rep1_VH21-1138_57,VH21-1138,CR24-12,57,27,2,0,1,1,4,1,1.3,1.666666667,1,1,5,NA,1.5,1.25,2.333333333,215,160,3,5,2,3,3,11,2.8,1,NA,1
2022DMF1C_dona_rep1_VH21-1147_58,VH21-1147,CR24-12,58,28,2,0,1,1,5,1,1,1,1,0.5,2.5,NA,1.5,0,1,150,130,1.5,4,2,1,3,14,5,NA,NA,1
2022DMF1C_dona_rep1_VH21-0441_59,VH21-0441,CR27-20,59,1,3,0,1,1,5,1,1.75,2.75,3,1,3,NA,2.5,0.25,1,310,310,2.25,1,2,1,4,40,17,1,21,5
2022DMF1C_dona_rep1_VF21-0146_60,VF21-0146,KM140_AR9-18,60,2,3,0,1,1,5,1,1,1,1,1,1,NA,3,0,1,420,400,3,2,1,3,4,45,16.6,1,27.5,11
2022DMF1C_dona_rep1_VH21-0065_61,VH21-0065,IBA972205,61,3,3,0,1,1,5,1,4,3,3,1,1,NA,2.25,0.75,3,320,180,3.5,2,1,3,4,45,12.8,1,25.2,9
2022DMF1C_dona_rep1_VH21-0063_62,VH21-0063,IBA972205,62,4,3,0,1,1,5,1,3,3,3,1,1,NA,1.75,0.5,3,300,160,3.25,2,2,1,4,44,13,2,24,7
2022DMF1C_dona_rep1_VH21-0893_63,VH21-0893,KM419,63,5,3,0,1,1,3,1,4,4,5,1.5,5,NA,2,1.25,1,250,250,1.75,5,1,1,4,25,3,1,NA,3
2022DMF1C_dona_rep1_VF21-0184_64,VF21-0184,KM140_AR9-18,64,6,3,0,1,1,5,1,1,1,1,1,1,NA,2.75,0,1,300,300,1.25,3,2,1,4,50,12,2,25.3,6
2022DMF1C_dona_rep1_VH21-0113_65,VH21-0113,IBA972205,65,7,3,0,1,1,5,1,1,1,1,1,1,NA,2.25,1,3,325,250,3.25,4,2,3,4,30,7,2,NA,9
2022DMF1C_dona_rep1_IBA980581_66,IBA980581,NA,66,8,3,1,1,1,5,1,1,1,1,1,1,NA,2.25,0,1.5,240,135,2,2,2,3,4,39,12.4,1,23.5,8
2022DMF1C_dona_rep1_VF21-0009_67,VF21-0009,HL-S14_AR9-18,67,9,3,0,1,1,4,1,4,4,4,1,1,NA,2,1,3,240,200,3.5,4,2,1,4,23,6,1,22.3,9
2022DMF1C_dona_rep1_VF21-0173_68,VF21-0173,KM140_AR9-18,68,10,3,0,1,1,5,1,1,1,1,1,1,NA,1.25,2.75,2.25,350,260,4,4,2,1,4,40,9,NA,22.4,0
2022DMF1C_dona_rep1_VH21-0447_69,VH21-0447,AR9-18,69,11,3,0,1,1,5,1,1,1,1,1,1,NA,3,0.25,2.25,315,300,3.25,2,2,1,4,35,14,1,29,10
2022DMF1C_dona_rep1_VH21-0080_70,VH21-0080,IBA972205,70,12,3,0,1,1,5,1,1.5,2,2.5,1,1.75,NA,2.5,0.25,2,267,125,3,4,1,1,4,27,8,2,23.8,5
2022DMF1C_dona_rep1_VH21-0056_71,VH21-0056,IBA972205,71,13,3,0,1,1,3,1,1,1,1,1,1,NA,1,0,1,200,200,2,2,2,1,1,7,1.5,1,NA,2
2022DMF1C_dona_rep1_VH21-0053_72,VH21-0053,IBA972205,72,14,3,0,1,0,NA,NA,NA,0,NA,0,0,NA,0,0,NA,NA,NA,0,NA,NA,NA,NA,NA,NA,NA,NA,NA
2022DMF1C_dona_rep1_VH21-0442_73,VH21-0442,CR27-20,73,15,3,0,1,1,5,1,2.5,2,1.5,1,1.75,NA,2,0,2,245,170,3,3,2,2,4,33,12,1,22.2,5
2022DMF1C_dona_rep1_VF21-0057_74,VF21-0057,HL-S14_AR9-18,74,16,3,0,1,1,5,1,1,1,1,1,1,NA,3.25,0.75,3,250,160,3.5,3,1,1,4,30,10,1,22.2,6
2022DMF1C_dona_rep1_KM505_75,KM505,NA,75,17,3,1,1,0.75,5,1.3,1.75,2.25,2.571428571,1.333333333,1.333333333,NA,3,0,1,330,330,1.666666667,2,1,3,4,30,12,1,31,7
2022DMF1C_dona_rep1_VH21-0375_76,VH21-0375,KM140,76,18,3,0,1,1,4,1,2.5,3,3,1,2,NA,2,1.5,3,200,100,3.5,4,1,2,4,20,6,1,14,6
2022DMF1C_dona_rep1_VH21-0426_77,VH21-0426,CR24-16,77,19,3,0,1,1,5,1,1,1,1.5,1,1,NA,1.75,5,3,200,120,5,3,2,3,4,36,10.8,1,28,2
2022DMF1C_dona_rep1_VF21-0002_78,VF21-0002,HL-S13_CR24-3,78,20,3,0,1,1,5,1,1,1,1,1,1,NA,1.75,3.5,3,230,140,5,4,1,1,4,35,12,1,24.5,5
2022DMF1C_dona_rep1_VH21-0099_79,VH21-0099,IBA972205,79,21,3,0,1,1,5,1,2.5,3.25,4,1,1,NA,1.75,2,1.75,325,180,3.5,3,2,1,4,30,9,1,23.5,6
2022DMF1C_dona_rep1_VH21-0992_80,VH21-0992,SM937-26,80,22,3,0,1,1,4,1,1,4,4,1,1.5,NA,2,1.75,3,240,185,4,4,3,3,4,12,2.5,1,NA,0
2022DMF1C_dona_rep1_IBA980581_81,IBA980581,NA,81,1,4,1,1,1,5,1,1,1,1,1,3,NA,1,0,4,325,150,1,3,3,2,2,33,6,1,23.3,0
2022DMF1C_dona_rep1_VH21-0957_82,VH21-0957,SM937-26,82,2,4,0,1,1,5,1,1,1,1,1,3,NA,1.5,2.75,2.75,425,380,4,4,2,3,4,26,4.5,1,NA,6
2022DMF1C_dona_rep1_VF21-0198_83,VF21-0198,KM419_AR9-18,83,3,4,0,1,1,4,1,2,2,3,1,1,NA,1.5,1.75,1,390,170,3.75,4,1,1,4,24,6.5,NA,20,5
2022DMF1C_dona_rep1_VH21-0095_84,VH21-0095,IBA972205,84,4,4,0,1,1,5,1,1,1,1,1,1,NA,1.75,1.5,1,410,200,4,3,1,1,4,34,15,1,24.6,7
2022DMF1C_dona_rep1_VH21-1087_85,VH21-1087,TMEB419,85,5,4,0,1,1,5,1,1,1,1,1,1,NA,1.75,0,1,360,170,3,4,2,3,4,40,10,NA,30,6
2022DMF1C_dona_rep1_VF21-0028_86,VF21-0028,HL-S14_AR9-18,86,6,4,0,1,1,5,1,2.25,2.5,2,1,1,NA,2,0,4,300,180,3,1,2,2,4,47,14,1,23,6
2022DMF1C_dona_rep1_VH21-0531_87,VH21-0531,AR9-18,87,7,4,0,1,0.75,3,1,1,1,1,1,1,NA,2,1.666666667,2.25,315,225,2.333333333,5,1,2,3,21,2.5,2,NA,3
2022DMF1C_dona_rep1_VF21-0041_88,VF21-0041,HL-S14_AR9-18,88,8,4,0,1,1,5,1,1,1,1,1,3,NA,2.5,0.5,3,220,180,3.25,4,1,2,4,21,3.5,1,27.2,6
2022DMF1C_dona_rep1_VH21-0457_89,VH21-0457,AR9-18,89,9,4,0,1,1,4,1,1,1,1,1,1,NA,2,0,3,200,160,3,4,2,3,4,32,4,1,NA,0
2022DMF1C_dona_rep1_IBA980581_90,IBA980581,NA,90,10,4,1,1,1,5,1,1,1,1,1,1.5,NA,2.5,0,3,300,40,2.5,2,1,3,4,30,10,1,18,7
2022DMF1C_dona_rep1_VH21-0500_91,VH21-0500,AR9-18,91,11,4,0,1,1,5,1,1,1,1,1,1,NA,2.5,1,3,320,280,3.25,4,1,2,4,21,8.5,1,25.5,6
2022DMF1C_dona_rep1_VH21-0041_92,VH21-0041,IBA972205,92,12,4,0,1,1,5,1,1,1,1,1,1,NA,2.25,0.75,1,300,140,3.25,2,1,3,4,40,16,1,NA,6
2022DMF1C_dona_rep1_VH21-0460_93,VH21-0460,AR9-18,93,13,4,0,1,1,5,1,1,1,1,1,1,NA,1.25,0,1.5,300,200,3,2,3,1,4,34,12,2,22.4,5
2022DMF1C_dona_rep1_VH21-0577_94,VH21-0577,HL-S13,94,14,4,0,1,1,5,1,1,1,1,1,1,NA,1.5,0,3,400,175,3,4,2,1,4,18,6.5,2,20.5,0
2022DMF1C_dona_rep1_VF21-0142_95,VF21-0142,KM140_AR9-18,95,15,4,0,1,1,5,1,1,1,1,1,1,NA,2,2.5,2.5,325,215,3.75,4,2,1,4,30,10,2,24.9,7
2022DMF1C_dona_rep1_VH21-0518_96,VH21-0518,AR9-18,96,16,4,0,1,1,5,1,1,1,1,1,1,NA,1.75,1.75,2,305,245,3.75,3,2,1,4,23,5,1,NA,7
2022DMF1C_dona_rep1_VF21-0012_97,VF21-0012,HL-S14_AR9-18,97,17,4,0,1,1,5,1,1,1,1,1,1,NA,2.5,0,3,350,250,3,3,2,1,4,27,6,1,20,7
2022DMF1C_dona_rep1_VH21-0086_98,VH21-0086,IBA972205,98,18,4,0,1,1,3,1,1,1,NA,NA,NA,NA,NA,NA,4,NA,NA,NA,5,NA,1,2,NA,NA,NA,NA,0
2022DMF1C_dona_rep1_CR24-16_99,CR24-16,NA,99,19,4,1,1,1,4,1,1,1,1,1,4,NA,1.5,0,3,200,200,2,5,1,3,2,4,1,1,NA,0
2022DMF1C_dona_rep1_VH21-0439_100,VH21-0439,CR27-20,100,20,4,0,1,1,5,1,1,1,1,1,1.25,NA,2,0,4,300,300,1.25,4,1,2,4,32,8.8,1,22.2,5
2022DMF1C_dona_rep1_VH21-0054_101,VH21-0054,IBA972205,101,21,4,0,1,1,5,1,1,1,1,1,1,NA,2,1,1,243,110,3.5,3,1,3,4,30,10,1,19.7,5
2022DMF1C_dona_rep1_VH21-0444_102,VH21-0444,AR9-18,102,22,4,0,1,1,5,1,1,1,1,1,1,NA,1.5,0.5,1.5,300,165,3.5,3,2,3,4,33,10,1,22.8,0
2022DMF1C_dona_rep1_VH21-0286_103,VH21-0286,KM140,103,1,5,0,1,1,5,1,1,1,1,1,1.25,NA,2.25,0,4,330,120,3,2,2,2,4,44,17,1,23.7,7
2022DMF1C_dona_rep1_VH21-0477_104,VH21-0477,AR9-18,104,2,5,0,1,1,5,1,1,1,1,1,1,NA,1.75,1.25,3,420,300,3.25,4,3,1,4,30,10,1,29.6,7
2022DMF1C_dona_rep1_TMEB419_105,TMEB419,NA,105,3,5,1,1,1,5,1,1,1,1,1,1,NA,1.75,0,1,425,425,1.25,1,2,3,4,32,13.6,1,31.5,7
2022DMF1C_dona_rep1_VH21-0509_106,VH21-0509,AR9-18,106,4,5,0,1,1,4,1,1,1,1,1,1.75,NA,1.75,0.25,1,440,440,1.25,4,2,3,4,20,5,1,21,6
2022DMF1C_dona_rep1_VH21-0057_107,VH21-0057,IBA972205,107,5,5,0,1,1,5,1,1,1,1,1,1,NA,2.75,0,4,330,170,3,2,1,2,4,38,12.2,NA,23,7
2022DMF1C_dona_rep1_VH21-0859_108,VH21-0859,KM419,108,6,5,0,1,1,4,1,2.25,2.75,3,1,1,NA,2.5,0,3,380,260,3,5,3,1,4,10,2,2,NA,0
2022DMF1C_dona_rep1_VH21-0481_109,VH21-0481,AR9-18,109,7,5,0,1,1,4,1,1,1,1,1,1,NA,2.25,0,3,380,240,3,4,3,2,4,24,7,2,23,8
2022DMF1C_dona_rep1_VF21-0109_110,VF21-0109,HL-S13_AR9-18,110,8,5,0,1,1,4,1,1,1,1,1,1,NA,1.5,1.75,1,330,330,3.25,3,2,1,4,28,6,2,28.5,6
2022DMF1C_dona_rep1_VH21-0066_111,VH21-0066,IBA972205,111,9,5,0,1,1,4,1,3,3,3.5,1,1,NA,2.5,0,3,220,145,3,3,2,2,4,20,6,2,23,6
2022DMF1C_dona_rep1_VH21-0201_112,VH21-0201,IBA980505,112,10,5,0,1,1,5,1,1,1,1,1,1,NA,1.5,0.5,3,400,185,3.5,2,2,2,4,42,13.8,2,24,5
2022DMF1C_dona_rep1_VH21-0025_113,VH21-0025,Rayong72,113,11,5,0,1,1,4,1,4,4,4,1,1,NA,1.25,2.75,1,350,350,4,4,2,1,4,19,3.5,1,NA,0
2022DMF1C_dona_rep1_CR24-16_114,CR24-16,NA,114,12,5,1,1,1,4,1,1,1,1,1,2.75,NA,1.5,1.25,1,200,200,2.25,4,1,3,3,7,1,1,NA,0
2022DMF1C_dona_rep1_VH21-0501_115,VH21-0501,AR9-18,115,13,5,0,1,1,4,1,1,1,1,1,1,NA,1.5,1.25,4,335,200,4,4,2,3,4,20,5.2,NA,NA,0
2022DMF1C_dona_rep1_VH21-0729_116,VH21-0729,KU50,116,14,5,0,1,1,5,1,1,1,1,1,1,NA,1.75,1,1,420,400,3.5,2,2,3,4,35,11.5,2,28,10
2022DMF1C_dona_rep1_VF21-0175_117,VF21-0175,KM140_AR9-18,117,15,5,0,1,1,4,1,3,4,2.75,1,1,NA,2.75,2.75,1.5,320,320,5,4,2,1,4,22,6,2,21,0
2022DMF1C_dona_rep1_VF21-0186_118,VF21-0186,KM140_AR9-18,118,16,5,0,1,1,5,1,1,1,1,1,1,NA,1,2.25,3,300,200,4,3,3,1,4,35,6.8,2,22.5,3
2022DMF1C_dona_rep1_VH21-1129_119,VH21-1129,CR24-12,119,17,5,0,1,1,5,1,1,1,1,1,1,NA,2.25,1.25,2,200,80,3.5,3,2,2,4,30,5.2,1,NA,5
2022DMF1C_dona_rep1_VF21-0044_120,VF21-0044,HL-S14_AR9-18,120,18,5,0,1,1,3,1,2.75,4,4,1,1.5,NA,2.75,0.5,3,250,165,3.25,3,2,1,4,22,4.2,1,NA,5
2022DMF1C_dona_rep1_VH21-0450_121,VH21-0450,AR9-18,121,19,5,0,1,1,5,1,1,1,1,1,1,NA,1.75,1.5,4,400,155,3.75,4,2,2,4,21,8,2,24.5,0
2022DMF1C_dona_rep1_VH21-0114_122,VH21-0114,IBA972205,122,20,5,0,1,1,5,1,1.5,1.75,2.25,1,1,NA,1.75,0.25,4,320,170,3.25,2,1,3,4,50,16,1,27,7
2022DMF1C_dona_rep1_KM505_123,KM505,NA,123,21,5,1,1,1,5,1.75,2,2,2.571428571,1,1.5,NA,1.75,0,1,320,290,3,1,1,3,4,39,11.6,1,33,6
2022DMF1C_dona_rep1_VH21-0200_124,VH21-0200,IBA980505,124,22,5,0,1,1,5,1,1,1,1,1,1,NA,1.75,0.75,4,300,90,3.5,4,2,3,4,29,9,2,16.5,0
2022DMF1C_dona_rep1_VH21-0508_125,VH21-0508,AR9-18,125,1,6,0,1,1,5,1,1,1,1,1,1,NA,2,1.75,4,380,200,4.5,3,2,3,4,40,12.6,2,20.4,0
2022DMF1C_dona_rep1_VH21-0109_126,VH21-0109,IBA972205,126,2,6,0,1,1,5,1,2.5,3,3,1,1,NA,2,0,1,300,200,3,4,1,1,4,20,4.8,1,NA,0
2022DMF1C_dona_rep1_VF21-0172_127,VF21-0172,KM140_AR9-18,127,3,6,0,1,1,5,1,1,1,1,1,1,NA,2,0.5,4,400,280,3.25,1,2,2,4,47,14,1,29,7
2022DMF1C_dona_rep1_VH21-0628_128,VH21-0628,HL-S13,128,4,6,0,1,1,5,1,1,1,1,1,1,NA,1.5,0,1,350,350,1.5,2,2,1,4,33,10,1,25.6,6
2022DMF1C_dona_rep1_TMEB419_129,TMEB419,NA,129,5,6,1,1,1,5,1,1,1,1,1,1,NA,2,0,4,400,400,1,1,2,3,4,58,19,1,31,8
2022DMF1C_dona_rep1_VH21-1069_130,VH21-1069,TMEB419,130,6,6,0,1,0.75,5,1,1,1,1,1,1,NA,2.333333333,0.333333333,4,380,240,3.333333333,4,2,3,3,14,5,1,NA,7
2022DMF1C_dona_rep1_VF21-0055_131,VF21-0055,HL-S14_AR9-18,131,7,6,1,1,1,5,1,1,1,1,1,1,NA,1.75,0.25,1,320,240,3.25,1,1,1,4,47,14,1,27.8,7
2022DMF1C_dona_rep1_VH21-0021_132,VH21-0021,IBA920057,132,8,6,0,1,0.75,5,1,1,1,1,1,1,NA,1,3,3,325,120,4,4,2,3,3,15,6,2,15.5,0
2022DMF1C_dona_rep1_VH21-1145_133,VH21-1145,CR24-12,133,9,6,0,1,1,5,1,1,1,1,1,1,NA,2.5,0,1,200,200,1,2,2,1,4,30,8,1,26.8,8
2022DMF1C_dona_rep1_VH21-0136_134,VH21-0136,IBA980505,134,10,6,0,1,1,5,1,1,1,1,1,1,NA,1.75,3.5,3,250,200,3.75,4,1,3,4,15,3,1,NA,6
2022DMF1C_dona_rep1_VF21-0144_135,VF21-0144,KM140_AR9-18,135,11,6,0,1,1,4,1,3,4,4,1,1,NA,2,2,3,315,245,3.25,2,2,2,4,34,9,1,24.8,7
2022DMF1C_dona_rep1_VH21-0100_136,VH21-0100,IBA972205,136,12,6,0,1,1,4,1,4,4,4,1,1,NA,1.75,0.25,3,325,235,3.25,4,1,3,4,23,4,1,NA,0
2022DMF1C_dona_rep1_VF21-0202_137,VF21-0202,KM419_AR9-18,137,13,6,0,1,1,4,1,1,1,1,1,1,NA,2.25,0,3,250,145,3,2,2,1,4,27,9,1,27,7
2022DMF1C_dona_rep1_CR24-16_138,CR24-16,NA,138,14,6,1,1,0.5,4,1,1,1,1,1,2,NA,1.5,2,1,235,235,4,4,1,3,2,10,1,1,NA,0
2022DMF1C_dona_rep1_VH21-0737_139,VH21-0737,KU50,139,15,6,0,1,0.75,5,1,1,1,1,1.333333333,1.333333333,NA,2,1.333333333,4,400,300,4.666666667,3,1,3,4,31,10,1,27.7,7
2022DMF1C_dona_rep1_VF21-0148_140,VF21-0148,KM140_AR9-18,140,16,6,0,1,1,4,1,1,1,1,1,1.5,NA,1.75,1.25,3,335,335,2.5,2,2,2,4,40,11,1,25.8,6
2022DMF1C_dona_rep1_VH21-0487_141,VH21-0487,AR9-18,141,17,6,0,1,1,5,1,1,1,1,1,1,NA,1.5,0.75,2,300,135,2,4,2,3,4,15,4.2,1,NA,0
2022DMF1C_dona_rep1_VH21-0432_142,VH21-0432,CR24-16,142,18,6,0,1,1,5,1,1,2.25,2,1,1,NA,1.75,0.25,1,300,140,3.25,3,2,3,4,32,12,1,28.6,7
2022DMF1C_dona_rep1_VF21-0031_143,VF21-0031,HL-S14_AR9-18,143,19,6,0,1,1,5,1,1,1,1,1.25,1,NA,2.5,0,1,215,215,1,4,2,1,4,14,6.2,1,19.5,5
2022DMF1C_dona_rep1_VH21-1094_144,VH21-1094,TMEB419,144,20,6,0,1,0.5,5,1,1,1,1,1,2,NA,2,2,4,325,160,4,4,2,3,2,11,4.2,1,NA,2
2022DMF1C_dona_rep1_VH21-0486_145,VH21-0486,AR9-18,145,21,6,0,1,1,5,1,1,1,1,1,1,NA,1.75,0,3,415,415,1,5,3,2,3,10,4.6,2,NA,0
2022DMF1C_dona_rep1_VF21-0084_146,VF21-0084,HL-S14_AR9-18,146,22,6,0,1,1,5,1,1,1,1,1,1,NA,1.75,1,4,300,145,3.5,1,2,1,4,34,14,1,27.5,5
2022DMF1C_dona_rep1_VH21-0528_147,VH21-0528,AR9-18,147,1,7,0,1,1,5,1,1,1,1,1,1,NA,3,0,4,420,170,4,5,2,3,4,30,11,2,27.4,0
2022DMF1C_dona_rep1_VF21-0059_148,VF21-0059,HL-S14_AR9-18,148,2,7,0,1,1,5,1,1,1,1,1,1,NA,2.25,0,1,420,390,3,3,1,1,4,28,6,1,26.6,8
2022DMF1C_dona_rep1_VH21-0420_149,VH21-0420,CR24-16,149,3,7,0,1,1,5,1,1.5,2.25,2.25,1,1.5,NA,1.75,0.5,1,420,420,1.75,2,1,3,4,36,9,1,28.3,8
2022DMF1C_dona_rep1_VF21-0185_150,VF21-0185,KM140_AR9-18,150,4,7,0,1,1,5,1,1,1,1,1,1,NA,2,1,4,395,240,3.25,3,2,2,4,38,8,2,23.5,8
2022DMF1C_dona_rep1_VH21-0779_151,VH21-0779,KU50,151,5,7,0,1,1,5,1,1,1,1,1,1,NA,1.5,2,4,340,200,4,1,1,2,4,35,16.5,1,31,5
2022DMF1C_dona_rep1_VF21-0085_152,VF21-0085,HL-S14_AR9-18,152,6,7,0,1,1,5,1,1,1,1,1.5,1,NA,1.75,1.25,1,315,315,3.5,2,1,3,4,48,12,1,20,7
2022DMF1C_dona_rep1_TMEB419_153,TMEB419,NA,153,7,7,1,1,1,5,1,1,1,1,1,1,NA,2,0,1,385,385,1,2,2,3,4,30,10,1,28.7,8
2022DMF1C_dona_rep1_VH21-0079_154,VH21-0079,IBA972205,154,8,7,0,1,0.75,5,1,1,1,1,1,1.666666667,NA,1.666666667,0.333333333,4,300,200,3.333333333,3,1,3,3,23,9,1,26.5,5
2022DMF1C_dona_rep1_VF21-0200_155,VF21-0200,KM419_AR9-18,155,9,7,0,1,1,4,1,1,1,1,1,1,NA,3.5,0,1,300,300,1.5,4,2,1,4,28,4.2,2,NA,0
2022DMF1C_dona_rep1_VH21-0098_156,VH21-0098,IBA972205,156,10,7,0,1,1,4,1,4,3,3,1,1,NA,2,2,4,265,115,4,4,2,1,4,24,5,1,NA,0
2022DMF1C_dona_rep1_VH21-0172_157,VH21-0172,IBA980505,157,11,7,0,1,1,5,1,1,1,1,1,1,NA,3,0,1,200,200,1.5,1,2,1,4,27,13,1,20,10
2022DMF1C_dona_rep1_VH21-0689_158,VH21-0689,KU50,158,12,7,0,1,1,5,1,2.5,3.25,2,1,1,NA,1.5,1,3,300,200,3.5,4,1,3,4,27,6,1,27.7,7
2022DMF1C_dona_rep1_VH21-0708_159,VH21-0708,KU50,159,13,7,0,1,1,5,1,1,1,1,1,1.5,NA,1.75,0.75,1,330,330,2.5,1,2,1,4,48,15.8,1,23.9,6
2022DMF1C_dona_rep1_VH21-0451_160,VH21-0451,AR9-18,160,14,7,0,1,1,5,1,1,1,1,1,1,NA,2.25,1.5,4,300,178,3.75,4,2,3,4,32,7.2,1,NA,0
2022DMF1C_dona_rep1_VF21-0096_161,VF21-0096,HL-S13_AR9-18,161,15,7,0,1,1,5,1,3,3,3,1,1,NA,2.25,0.25,4,325,215,3.25,2,1,1,4,34,9.2,1,28,7
2022DMF1C_dona_rep1_KU50_162,KU50,NA,162,16,7,1,1,1,4,1,1.75,3.5,3,1,1,NA,2.25,0,1.6,400,240,3,2,1,1,4,28,10,1,24.5,0
2022DMF1C_dona_rep1_VH21-0402_163,VH21-0402,KM140,163,17,7,0,1,1,5,1,1,1,1,1,1,NA,2.25,0,3.25,300,165,2.5,2,1,2,4,43,14.6,NA,27,0
2022DMF1C_dona_rep1_VH21-0002_164,VH21-0002,IBA920057,164,18,7,0,1,1,5,1,1,1,1,1,4.5,NA,2,0,1,255,255,1,4,2,2,4,26,5.8,1,23,3
2022DMF1C_dona_rep1_VF21-0086_165,VF21-0086,HL-S14_AR9-18,165,19,7,0,1,1,4,1,4,3,3,1,1,NA,1.75,1.75,4,250,160,3.75,3,2,2,4,26,8.6,1,25.5,6
2022DMF1C_dona_rep1_VH21-0110_166,VH21-0110,IBA972205,166,20,7,0,1,1,4,1,3,3,3,1,3.5,NA,2,0.75,2.25,250,200,3.75,3,3,2,4,40,9.8,2,24.5,0
2022DMF1C_dona_rep1_VF21-0017_167,VF21-0017,HL-S14_AR9-18,167,21,7,0,1,1,5,1,1,1,1,1,1,NA,2.25,2.5,1,260,260,3,4,2,2,4,40,8.7,1,24.3,8
2022DMF1C_dona_rep1_VH21-0074_168,VH21-0074,IBA972205,168,22,7,0,1,1,5,1,1,1,2.285714286,1,3.5,NA,2.5,0,1.857142857,235,235,1,2,1,2,4,35,9.2,1,22,8
2022DMF1C_dona_rep1_VH21-1090_169,VH21-1090,TMEB419,169,1,8,0,1,1,3,1,2.5,1,1,1,5,NA,1.25,1.75,2,200,200,3,5,NA,NA,3,NA,NA,NA,NA,0
2022DMF1C_dona_rep1_VH21-0061_170,VH21-0061,IBA972205,170,2,8,0,1,1,5,1.25,1.5,1,1,1,1,NA,1.5,2.5,3.666666667,420,400,3.5,1,1,3,4,45,19,NA,27.5,7
2022DMF1C_dona_rep1_VH21-0092_171,VH21-0092,IBA972205,171,3,8,0,1,1,4,1,3.25,3,3,1,1,NA,2.25,2.25,1,350,140,3.75,4,1,1,4,15,4,2,NA,0
2022DMF1C_dona_rep1_VH21-1093_172,VH21-1093,TMEB419,172,4,8,0,1,1,5,1,1,1,1,1,1,NA,2.25,1,1,400,400,2.5,3,1,2,4,33,8,1,25.5,7
2022DMF1C_dona_rep1_VH21-0550_173,VH21-0550,HL-S13,173,5,8,0,1,1,5,1,1,1,1,1,1,NA,0.75,2.25,1.6,300,300,3,4,1,1,3,17,4,1,NA,5
2022DMF1C_dona_rep1_VF21-0187_174,VF21-0187,KM140_AR9-18,174,6,8,0,1,1,5,1,1.75,1,1,1,1,NA,2.25,0,4,250,240,2,4,2,1,4,34,6.6,1,20.4,8
2022DMF1C_dona_rep1_VH21-0421_175,VH21-0421,CR24-16,175,7,8,0,1,1,5,1,1.5,1.25,1,1,1.5,NA,2.75,0,4,385,300,1.5,1,1,1,4,43,12,1,32,11
2022DMF1C_dona_rep1_VH21-0600_176,VH21-0600,HL-S13,176,8,8,0,1,1,5,1,1.5,1,1,1,1,NA,1.75,0,3,300,250,2.75,4,1,2,4,11,3,2,NA,8
2022DMF1C_dona_rep1_KM505_177,KM505,NA,177,9,8,1,1,1,4,1.25,2,2.5,2.571428571,1,1.75,NA,1.5,0,4,320,320,1.75,3,1,NA,4,23,7.8,NA,32.5,0
2022DMF1C_dona_rep1_VH21-0371_178,VH21-0371,KM140,178,10,8,0,1,1,5,1,1,1,1,1,1,NA,3.25,0.25,2.5,315,315,2,4,2,2,4,31,6.8,2,26.5,8
2022DMF1C_dona_rep1_VH21-0176_179,VH21-0176,IBA980505,179,11,8,0,1,1,5,1,1,1,1,1,1,NA,2,0,4,230,200,1.75,3,1,3,4,17,4.8,1,NA,8
2022DMF1C_dona_rep1_VH21-0102_180,VH21-0102,IBA972205,180,12,8,0,1,1,4,1,1,1,1,1,1,NA,2.25,1,2,300,160,3.25,4,1,2,4,32,5.4,2,13.3,0
2022DMF1C_dona_rep1_VH21-1086_181,VH21-1086,TMEB419,181,13,8,0,1,1,5,1,1,1,1,1,2.25,NA,3,0,1,350,300,3,5,NA,3,4,NA,NA,NA,NA,0
2022DMF1C_dona_rep1_VH21-0703_182,VH21-0703,KU50,182,14,8,0,1,1,5,1,1,1,1,1,1,NA,2,0.75,1,300,160,3.5,3,1,2,4,27,8,1,24.3,5
2022DMF1C_dona_rep1_VH21-0480_183,VH21-0480,AR9-18,183,15,8,0,1,1,5,1,2.25,3,3,1,1,NA,1.75,0.75,2,385,300,3.5,4,3,1,4,15,4,1,NA,7
2022DMF1C_dona_rep1_VH21-0101_184,VH21-0101,IBA972205,184,16,8,0,1,1,4,1,2,2.5,3,1,1,NA,2.5,0,1,300,150,3,3,1,1,4,24,7.6,1,26.9,0
2022DMF1C_dona_rep1_VF21-0069_185,VF21-0069,HL-S14_AR9-18,185,17,8,0,1,1,5,1,1.5,1,1,1,1,NA,1.75,0,1,300,150,3,4,2,3,4,18,6.4,2,21,0
2022DMF1C_dona_rep1_KU50_186,KU50,NA,186,18,8,1,1,1,4,1,2.25,2,2,1,1,NA,2.25,0,1,400,400,2,3,1,1,4,25,10,1,24.5,0
2022DMF1C_dona_rep1_VH21-1144_187,VH21-1144,CR24-12,187,19,8,0,1,1,5,1,1.5,1,1,1,3.75,NA,1.5,2,1,240,240,3.25,4,2,1,4,15,6.2,1,21.5,7
2022DMF1C_dona_rep1_VH21-0775_188,VH21-0775,KU50,188,20,8,0,1,1,4,1,2.5,3.5,4,1,1,NA,2,0.75,3,390,260,2,3,1,3,4,35,12,1,27.5,8
2022DMF1C_dona_rep1_VH21-0780_189,VH21-0780,KU50,189,21,8,0,1,0.75,5,1,2,2.333333333,2.333333333,1,1,NA,1,0.666666667,1,325,167,3.666666667,3,1,1,3,30,8.4,2,26.7,0
2022DMF1C_dona_rep1_VF21-0149_190,VF21-0149,KM140_AR9-18,190,22,8,0,1,1,4,1,1,1,1,1,1,NA,1.75,0,1,225,200,2.5,3,2,3,4,40,9.8,2,23.4,7
2022DMF1C_dona_rep1_VH21-0090_191,VH21-0090,IBA972205,191,1,9,0,1,1,5,1,1,1.25,1,1,2,NA,1.5,1,4,350,120,3.75,4,1,1,4,33,17.8,2,22.2,0
2022DMF1C_dona_rep1_KU50_192,KU50,NA,192,2,9,1,1,1,5,1,1.25,1,1,1,1,NA,1.25,0.75,1.6,400,400,2.25,2,1,2,3,22,10,1,31.8,4
2022DMF1C_dona_rep1_VF21-0098_193,VF21-0098,HL-S13_AR9-18,193,3,9,0,1,1,5,1,1,1,1,1,1,NA,2.25,0.25,4,350,240,3.25,5,2,1,4,15,2,2,NA,0
2022DMF1C_dona_rep1_VH21-0019_194,VH21-0019,IBA920057,194,4,9,0,1,1,5,1,1,1,1,1,1,NA,2.5,0,3,390,260,3,3,1,3,4,32,10,2,25.6,10
2022DMF1C_dona_rep1_VH21-0739_195,VH21-0739,KU50,195,5,9,0,1,1,5,1,1,2,2,1,1.75,NA,2,0,4,400,160,3,3,1,1,4,34,11.2,2,25.7,0
2022DMF1C_dona_rep1_VH21-0097_196,VH21-0097,IBA972205,196,6,9,0,1,1,5,1,1,1,1,1,1,NA,1.75,1.75,4,400,160,3.75,2,1,3,4,45,18.2,1,29.5,5
2022DMF1C_dona_rep1_VF21-0120_197,VF21-0120,HL-S13_AR9-18,197,7,9,0,1,1,5,1,1,1,1,1,1,NA,1.5,0.75,4,325,260,3.5,3,2,1,4,28,6,1,22.8,5
2022DMF1C_dona_rep1_VH21-0529_198,VH21-0529,AR9-18,198,8,9,0,1,1,5,1,1,1,1,1,1,NA,1.5,1.5,1.25,390,300,4,3,1,3,4,25,7,1,30,7
2022DMF1C_dona_rep1_VH21-0093_199,VH21-0093,IBA972205,199,9,9,0,1,1,5,1,3.25,3,3,1,1,NA,2.75,0,2.25,400,350,3,3,1,1,4,30,7,1,25.6,10
2022DMF1C_dona_rep1_VH21-0048_200,VH21-0048,IBA972205,200,10,9,0,1,1,5,1,1.75,2,2,1,1,NA,1.25,0,4,350,200,3,3,2,1,4,43,15,1,33.5,0
2022DMF1C_dona_rep1_CR24-16_201,CR24-16,NA,201,11,9,1,1,1,5,1,1,1,1,1,2.75,NA,3.25,0,1,220,220,2.25,3,1,3,4,17,5.2,1,NA,0
2022DMF1C_dona_rep1_VF21-0005_202,VF21-0005,HL-S13_CR24-3,202,12,9,0,1,1,5,1,1,1,1,1,1,NA,1.75,3.75,1,320,320,5,2,1,1,4,29,11,1,30.5,8
2022DMF1C_dona_rep1_VH21-0459_203,VH21-0459,AR9-18,203,13,9,0,1,1,5,1,1,1,1,1,1,NA,2,2.5,2.25,400,300,3.75,4,2,1,4,30,4,NA,NA,0
2022DMF1C_dona_rep1_VF21-0023_204,VF21-0023,HL-S14_AR9-18,204,14,9,0,1,1,5,1,1,1,1,1,1,NA,2,0,1,300,270,2,3,2,1,4,30,8,1,24.6,8
2022DMF1C_dona_rep1_VH21-0072_205,VH21-0072,IBA972205,205,15,9,0,1,1,5,1,1,1,1,1,1,NA,1.5,1,3.25,350,170,3.75,3,2,3,4,44,15,1,28.5,7
2022DMF1C_dona_rep1_VH21-0204_206,VH21-0204,IBA980505,206,16,9,0,1,1,5,1,1,1,1,1,2.75,NA,2,3.5,1,250,230,5,3,2,1,4,28,9.6,1,27,9
2022DMF1C_dona_rep1_VH21-0087_207,VH21-0087,IBA972205,207,17,9,0,1,1,5,1.25,2.25,3,3,1,2.5,NA,2.25,0.5,4,300,110,3.5,3,1,2,4,31,10.2,1,NA,0
2022DMF1C_dona_rep1_VH21-0563_208,VH21-0563,HL-S13,208,18,9,0,1,1,5,1,1.5,1,1,1,1,NA,2.25,1,4,320,220,3.5,4,1,1,4,12,7.2,2,29,0
2022DMF1C_dona_rep1_VF21-0132_209,VF21-0132,HL-S13_AR9-18,209,19,9,0,1,1,5,1,1,1,1,1,1,NA,1.5,0.75,4,300,165,3.5,3,2,1,4,24,10,2,23.6,0
2022DMF1C_dona_rep1_KM505_210,KM505,NA,210,20,9,1,1,1,4,1.75,2,2,2.571428571,1,2.75,NA,1.5,0,1,300,300,0.75,2,1,3,3,19,6.7,1,32.5,0
2022DMF1C_dona_rep1_VH21-0059_211,VH21-0059,IBA972205,211,21,9,0,1,1,5,1.25,1.75,2.25,3,1,3.5,NA,1.25,1.5,1.5,300,300,3.25,4,2,1,4,24,4.5,1,NA,5
2022DMF1C_dona_rep1_VH21-0016_212,VH21-0016,IBA920057,212,22,9,0,1,1,5,1,1.5,1,1,1,2,NA,1.75,3.5,2,350,280,4.75,1,1,3,4,45,13,1,28,5
